ticker,momentum_score,12m_return,z_score,mean_momentum,std_momentum
MMM,3.1437616989616544,0.36566661735552397,2.1437616989616544,-0.08123795576534237,0.20846746788009488
AOS,1.6462918208650252,0.3299840736848774,0.6462918208650252,0.16339196300661607,0.25776608228661657
ABT,0.9991416055837405,0.02217460690594528,-0.0008591318902767741,0.022289995654165905,0.13430853810286592
ABBV,1.1197463435437662,0.2161859316414745,0.11974634354376631,0.19808789764405055,0.15113642272349867
ACN,0.5449345937831971,-0.06304279872391565,-0.8350826161677877,0.14543583568726465,0.24965031049010852
ADBE,0.8659762567222419,0.06455396411856326,-0.1547660715145286,0.12691013700078785,0.40290596170085596
AMD,1.3060957140282357,0.4118940460968783,0.30609571402823577,0.27187855922744036,0.45742387250976735
AES,1.257080351449281,0.13701768681606302,0.2570803514492809,0.04679343141249888,0.35095741426728366
AFL,2.104086138922261,0.4329392249122237,1.1040861389222612,0.2594899016403526,0.15709763682132746
A,1.1774821897127445,0.1356182499137899,0.17748218971274454,0.08825334940134888,0.2668712876999166
APD,0.913639408181429,0.016815870822205592,-0.09452371586123794,0.03220282672630709,0.16278407766670694
ABNB,2.1763654371339474,0.3203060682150045,1.1763654371339476,-0.014577308776735671,0.28467631436676466
AKAM,0.8984100451395499,0.0013025956753127891,-0.11307749218751247,0.026733536720578068,0.22489834672928574
ALB,0.4951974313962365,-0.36020497217879605,-1.0193965812392138,0.2380493231261046,0.5868710041950915
ARE,1.6817333954042555,0.09584297199397891,0.6817333954042554,-0.049917714534579244,0.2138089281105626
ALGN,0.7760222963234699,-0.09003754290420972,-0.2886227686210312,0.08263812214554614,0.598274577833058
ALLE,1.5482610563470915,0.1812317992214587,0.5482610563470917,0.06417831974727535,0.21349953296715543
LNT,1.0859164667068586,0.03848060215543725,0.08591646670685858,0.028307189257128905,0.11841051300467662
ALL,3.1418440693355714,0.5900571662588158,2.1418440693355714,0.13764482525070032,0.21122561977560755
GOOGL,1.498573629943662,0.40392267292848505,0.498573629943662,0.21951019037097902,0.3698801370187676
GOOG,1.4980562791966534,0.41006726586954484,0.49805627919665335,0.2233195804357731,0.3749529786774076
MO,1.3106458240173038,0.1373212282412347,0.3106458240173037,0.09388573494852664,0.1398232003604484
AMZN,2.2421551409142912,0.4632609036498218,1.2421551409142912,0.04445870614810054,0.33715772185546883
AMCR,1.8250662178517443,0.11163314127610127,0.8250662178517442,0.005349904234308402,0.12881782666914485
AEE,0.561850969262893,-0.06482183425988876,-0.7798314049576636,0.02903424889425942,0.12035432602158866
AEP,1.8141036276263445,0.13251324927599167,0.8141036276263444,0.034675807044607446,0.12017811849904869
AXP,2.0901792806298234,0.5347209301495252,1.0901792806298232,0.2148029978060306,0.2934544235317609
AIG,1.9003399406159056,0.5260085420071268,0.9003399406159056,0.269707739583781,0.284671145709714
AMT,1.8843644068882093,0.09912537177841911,0.8843644068882093,-0.0335886310931439,0.15006710111563673
AWK,0.6811221469158909,-0.075190881991652,-0.46816544510846164,-0.009687588825675742,0.13991483961572784
AMP,1.7355461625187012,0.486678391663812,0.7355461625187012,0.2916612085660956,0.2651324866272524
AME,1.1059570226308533,0.1765355426973924,0.10595702263085317,0.15713636603122844,0.18308533200059182
AMGN,3.754744984552921,0.4327511520581979,2.754744984552921,0.07410945723458233,0.13019052465280048
APH,4.2522721354206166,0.7707181592742633,3.2522721354206166,0.1879670238748413,0.1791827716545174
ADI,2.1031034311487597,0.34486655449903925,1.1031034311487597,0.14684179578723708,0.179516039131146
AON,0.4292627264555584,-0.07875358774420832,-1.329575661639772,0.15796864275961367,0.1780434444865449
APA,0.5213898385315301,-0.011751183423416365,-0.9179506889057387,0.4503738808038179,0.5034312516047236
APO,2.4670053865841943,0.7742755339922996,1.4670053865841945,0.3062785468563368,0.3190151797776671
AAPL,0.6983320339362928,0.09041559496058271,-0.4319835714299018,0.1769721998458659,0.20037013120377142
AMAT,1.4669713217438265,0.6274070403397783,0.46697132174382655,0.37234437891369876,0.5462062648164144
APTV,0.8343922611960571,-0.05472297450753247,-0.19847707907375944,0.028670424441168466,0.42016639572627773
ACGL,1.856218388664932,0.472453365267123,0.8562183886649318,0.33554851053891444,0.15989478448562522
ADM,0.5191890679323372,-0.09216596132489684,-0.9260806164168388,0.17977521216059475,0.2936474089455382
ANET,2.0707438951682935,0.789407240889079,1.0707438951682937,0.47700692645398846,0.2917600705871773
AJG,1.057674367860984,0.27705442264504926,0.05767436786098395,0.2702432240245131,0.11809749934240439
AIZ,2.264911933729507,0.47383452951491595,1.2649119337295072,0.13151179528420034,0.2706296976908109
T,3.485165816350552,0.24107129151629308,2.485165816350552,-0.014457690970263939,0.10282170340721952
ATO,0.6709798513677305,0.03304749905990556,-0.49035771783846027,0.08333057077121268,0.10254365309668073
ADSK,1.0765708560393485,0.011083839313065983,0.07657085603934845,-0.006624028997215652,0.2312612033641346
ADP,1.1975325536172714,0.19869253312478558,0.1975325536172713,0.16512505734259653,0.16993389275586254
AZO,0.5851851425381989,0.16050503569939212,-0.7088608840316267,0.28857568429244496,0.18067106180927145
AVB,1.1601950055504184,0.1488698474981733,0.16019500555041843,0.10456561722370561,0.27656436679933666
AVY,1.7687480493401213,0.4368105553830936,0.7687480493401214,0.1707481061898207,0.34609837309071007
AXON,1.218149110626048,0.46011097444740184,0.21814911062604794,0.3547568609206431,0.48294541850027134
BKR,0.9655945932239001,0.260175241694592,-0.03563131672188454,0.2696386414409734,0.26559219857763555
BALL,2.9157952861735854,0.3767700027481919,1.9157952861735856,-0.061820095412605296,0.22893369731418037
BAC,2.0072930969346228,0.4846356355085382,1.0072930969346225,0.11873322040305319,0.36325317449210476
BAX,1.1418247612863195,-0.1381148135599916,0.14182476128631946,-0.16182622279339154,0.16718807786695813
BDX,0.5606012627971796,-0.0258463527068646,-0.7837990499885671,0.02983210221529486,0.07103664507244761
BRK-B,1.6466264872807859,0.29064411120876626,0.6466264872807858,0.18565252571517485,0.16236821033283894
BBY,2.228215084155931,0.22624636952342395,1.2282150841559312,-0.030377180263054426,0.20894023619880742
TECH,0.7833000763643828,-0.051991193152612906,-0.27664994575439134,0.06028885775603821,0.4058560380428662
BIIB,0.5141657711037269,-0.2411187218302351,-0.9448980391156027,0.0030039906451170243,0.25835878832370524
BLK,1.353505571486106,0.2067073930562577,0.3535055714861059,0.10752436092858146,0.28056992626939264
BX,1.159522776195104,0.4509568031141006,0.1595227761951039,0.363001175293829,0.5513672086091184
XYZ,1.2459512031119133,0.061102872639517865,0.24595120311191326,-0.08257449585472959,0.5841702202565403
BK,2.5256086477791353,0.5346196626120547,1.525608647779135,0.13534598490766256,0.26171435137420357
BA,0.5928920864956996,-0.13655807853491886,-0.6866475751270689,0.09057755058795734,0.33078923941563937
BKNG,2.085490585948107,0.5091116022457233,1.085490585948107,0.20367035045062695,0.28138544520707454
BSX,3.1184265426159583,0.46794872507377266,2.1184265426159583,0.15594342464127714,0.14728162348608648
BMY,0.35559667326541194,-0.3349698103782787,-1.812174790098824,0.0118676427083473,0.19139293570445914
AVGO,1.6694218815471626,0.676843340579247,0.6694218815471626,0.4314038932903367,0.3666438968526881
BR,2.33213574831589,0.39179958240739826,1.3321357483158902,0.1301151564276747,0.19643975946937062
BRO,2.2656499988675174,0.44612539971891585,1.2656499988675176,0.19462196704901716,0.19871483656219316
BF-B,0.32908387655406857,-0.24706369211188436,-2.038738969746212,-0.03933912087504114,0.10188875295923802
BLDR,0.6247396957811089,0.3867183917038508,-0.6006666564539413,0.6616652046747817,0.45773610040898555
BG,0.8065179244353412,0.1927217416016443,-0.23989804777137397,0.2732138856859169,0.33552646564670136
BXP,2.1158550609838622,0.3291085131142814,1.1158550609838624,-0.010944358069348917,0.30474645236075887
CHRW,0.6846966618638485,-0.059837121501233353,-0.460500767270937,0.007988994606376946,0.14728773745496196
CDNS,0.7893062582505732,0.23992028503689772,-0.26693534929826934,0.2923611347839836,0.19645524612961368
CZR,0.7361059756931428,-0.1328943470202618,-0.35850004350034714,0.12333380252748571,0.7147227850963969
CPT,0.845263930468886,0.023593962219169366,-0.18306243050650292,0.09126308175105523,0.36965050308059827
CPB,0.6352695289405165,-0.09171268730907729,-0.5741350000963689,0.004046619932747694,0.16678883402989148
COF,1.18540876896189,0.35063694873717555,0.18540876896188996,0.2450807847055816,0.5693159208305332
CAH,0.873685657602533,0.23130952119002104,-0.14457641750018438,0.2645874614442728,0.23017543821909492
KMX,1.02966351520188,-0.02700452808427602,0.02966351520188015,-0.03601889719003976,0.3038874200988961
CCL,1.3576212052419248,0.3428317487449374,0.3576212052419247,0.13040264573923893,0.5940058919660364
CARR,1.8125128634922034,0.5693359487553936,0.8125128634922033,0.2541816862567879,0.3878760283794939
CAT,2.469816181483938,0.6757753226185674,1.4698161814839377,0.24112852352789263,0.2957150727867563
CBOE,1.544711357880408,0.32384231337374153,0.5447113578804079,0.22302544175200908,0.18508310899562136
CBRE,0.9455754526647847,0.17552057991546566,-0.0575570645175254,0.1997518214334815,0.4209950893280482
CDW,1.4657002566477635,0.31782897054150594,0.4657002566477634,0.20535268600536444,0.2415207699170627
COR,1.5677508981083035,0.34527278106161374,0.5677508981083035,0.27962238225748715,0.11563239974233068
CNC,1.4004223427539664,0.14709175633589067,0.4004223427539664,0.06535247259608648,0.20413267445974584
CNP,0.8506744186162486,0.11213661703201294,-0.1755378769078916,0.1409841701401343,0.16433805407854105
CF,0.8842796968876234,0.32574267067969187,-0.13086391502561273,0.3871616058950055,0.46933438605510674
CRL,1.0044713724342031,0.07787773905435594,0.004471372434203193,0.07580639433516953,0.4632458489348641
SCHW,1.4772353072411262,0.41559016354126466,0.47723530724112617,0.20034076701943979,0.4510340983909406
CHTR,0.9299449571607805,-0.11966886251631963,-0.07533246166859695,-0.09984072811999449,0.2632083693687483
CVX,0.646450633320573,0.12218362498672153,-0.5469085316900028,0.2684423989019267,0.26742821777391323
CMG,2.1287251652472374,0.5071201900872875,1.1287251652472376,0.22005525824511346,0.254326687027745
CB,2.811724665029776,0.48078957349894796,1.8117246650297762,0.1882387590521586,0.1614764208346091
CHD,1.7434253860243216,0.17099253784461316,0.7434253860243216,0.060473452285503125,0.14866197420314395
CI,2.1586032893564493,0.41821391598413143,1.158603289356449,0.17638502854448077,0.20872449583150718
CINF,1.3115209689941132,0.253789823954959,0.3115209689941132,0.15804644119362563,0.30734169539368206
CTAS,2.7853694707214443,0.4502920794282753,1.7853694707214445,0.2071369404754927,0.1361931762250459
CSCO,0.6261134064644246,-0.03469388193146618,-0.597154748126,0.093355631652337,0.21443271444403664
C,2.332472188081394,0.4544397474928872,1.3324721880813943,0.05014167267444236,0.3034195223245802
CFG,1.9044640026420243,0.46861517833311966,0.9044640026420243,0.09838749150704176,0.4093337996256435
CLX,0.6507752425996479,-0.13953675110756525,-0.5366288305702996,-0.06889054448730492,0.13164817578880625
CME,1.4757688405624216,0.18972211241976747,0.47576884056242164,0.10319215091081091,0.18187395670272713
CMS,2.0900388296342536,0.12323332287690872,1.0900388296342536,0.019125756027597245,0.0955081268841067
KO,0.9571600572747112,0.0884435007246737,-0.04475734481364121,0.09316351801579649,0.10545793792674252
CTSH,1.2143689346985618,0.07657955967621051,0.2143689346985617,0.034735028136587534,0.19519867278560363
COIN,2.8836586324685904,2.632154266846166,1.8836586324685904,0.25227291917789746,1.2634355857512056
CL,3.9886625912662597,0.28095024144643155,2.9886625912662597,0.032618654635408605,0.08309120860170699
CMCSA,1.0287752731692974,0.045684167448004694,0.028775273169297354,0.037756993266204714,0.27548562737045074
CAG,0.5956514489306894,-0.10212428380999253,-0.6788341601370987,-0.016436433094050417,0.1262279592686326
COP,0.5853354375898131,0.21190583096331003,-0.7084221042853934,0.47253136743237734,0.3678958277734262
ED,0.7124722159973895,0.05041319166558076,-0.4035635040169257,0.10714042651043973,0.1405658199520435
STZ,0.6813306558201894,0.04501038119422337,-0.46771613967111864,0.1001801151793446,0.11795559166274361
COO,0.8664806622844756,0.015447762156494486,-0.15409384597632084,0.04908932344019858,0.21831865556054522
CPRT,0.9235554681701571,0.21155391235786017,-0.08277199850411,0.23391995121222636,0.27021262333367024
GLW,1.903906643402735,0.2534988138841883,0.903906643402735,0.03670426787747061,0.23984174426531463
CPAY,1.6568876566350177,0.18150522984800954,0.6568876566350176,0.03821321204028066,0.21813778407979026
CTVA,0.7030590166469012,0.058766254682532826,-0.42235570033551284,0.17530133738556944,0.2759169169741593
CSGP,0.8191982875061733,-0.015491225860149357,-0.22070567681999007,0.024974013147968988,0.18334480377286458
COST,2.918647344841027,0.6336174955097263,1.9186473448410268,0.22862677915021795,0.21108137326459264
CTRA,1.1076700477940054,0.26460702441036293,0.1076700477940053,0.22818131520759344,0.3383086563912304
CRWD,1.9329945246844034,0.9588459618001426,0.9329945246844034,0.3072048703554494,0.6984404240369134
CCI,1.1735670160633984,-0.040888297153661636,0.17356701606339853,-0.07413798935271644,0.1915668826553413
CSX,1.1563106553933826,0.11567549369462685,0.15631065539338262,0.08959423228389864,0.16685530071568208
CMI,2.7663432967645316,0.4180202611830935,1.7663432967645316,0.08404566905626513,0.18907683049981305
CVS,0.5986471863002752,-0.09236015914734881,-0.6704329743536291,0.08657784684692778,0.26689917238452127
DHR,1.7796235771817068,0.26721599766687026,0.7796235771817069,0.08956552640984777,0.22786698152359428
DRI,0.5668215489562378,-0.01877773945038519,-0.7642236817591532,0.21208055404712833,0.3020820984847065
DDOG,0.9974154623478358,0.1608892219352279,-0.0025912347960600777,0.16207859416138137,0.4589982459180837
DVA,2.6657398743296636,0.5706202411986662,1.6657398743296636,0.07701139970389831,0.2963300867690453
DAY,0.6051863631850252,-0.2003233580487894,-0.6523835645223673,-0.021858515905112456,0.2735581517513202
DECK,3.0881769463831406,1.3029896401813592,2.0881769463831406,0.4176612064854771,0.42397194128080434
DE,0.7520826357397831,0.09842261048338023,-0.32964112250292005,0.22221244434473328,0.37552909940796747
DELL,4.185016868231084,2.1802629688404136,3.185016868231085,0.39763727460402726,0.5596911313146145
DAL,2.0265606361477135,0.41459558010858905,1.0265606361477135,0.10066740569631469,0.3058057784003153
DVN,0.5765686076544093,0.12035117988858181,-0.7343989713005534,0.8001363609263539,0.9256347130142826
DXCM,0.77391004182075,0.012877319455287526,-0.29213984308478086,0.11041295100291436,0.33386624199466475
FANG,1.0530035617287543,0.6476131315916299,0.0530035617287544,0.6170434099438926,0.5767484420042898
DLR,2.716781915480715,0.47452058440330613,1.716781915480715,0.03973061694364544,0.2532587066179081
DG,0.48424643622798214,-0.3074098297946367,-1.0650642424742642,-0.06097486419145846,0.2313803766716288
DLTR,0.5261002667652767,-0.12551903411687726,-0.900778355708679,0.11099243606040543,0.262563447132574
D,2.3078536092421067,0.13333639249148285,1.3078536092421067,-0.08653687812350017,0.16811764639499543
DPZ,3.411544442577163,0.7783444416165775,2.411544442577163,0.0701396024899259,0.2936727296511314
DASH,2.078910111281873,0.686475709394041,1.078910111281873,0.013081614756950391,0.6241429082882712
DOV,1.9805299762398465,0.39803413308806207,0.9805299762398464,0.13715055578100577,0.2660638467245002
DOW,1.6336962934287342,0.24561784853197663,0.6336962934287342,0.10017766918256953,0.22951085694769555
DHI,1.3952828459463613,0.39550753873927097,0.39528284594636126,0.2646067907673492,0.3311571683778167
DTE,1.48150636904847,0.12260460042260549,0.48150636904847005,0.05615230690520836,0.13800916828725854
DUK,2.184953281001263,0.21237035708927643,1.1849532810012628,0.060914938832903644,0.12781551870837968
DD,1.6751028857436294,0.2481451902331205,0.6751028857436293,0.09182467116380445,0.23155066045544773
EMN,2.0535027094873843,0.36484483362247605,1.0535027094873841,0.06266344611310663,0.28683494099071233
ETN,2.9631806388167394,0.9231743102759202,1.9631806388167397,0.33069582688739513,0.3017951948352686
EBAY,2.1469416035146565,0.304026606610541,1.1469416035146565,0.0031058617097207194,0.2623679740787909
ECL,2.8728398645462603,0.4228536262698612,1.8728398645462605,0.021174462235028065,0.2144759793075792
EIX,1.9112771316557278,0.1899184826478625,0.9112771316557277,0.10603469565461515,0.09205079780816655
EW,1.008878316665688,0.031580148720199236,0.008878316665688,0.029198608868298403,0.26824227402304335
EA,1.388751394256776,0.04416074075613539,0.3887513942567759,0.00439696313354925,0.1022858778387341
ELV,1.166783283827921,0.21799642593452562,0.16678328382792104,0.18404313738373412,0.20357728767244362
EMR,2.4377575904627937,0.47697310640195717,1.4377575904627937,0.14005717107321553,0.23433431168344115
ENPH,0.5830227747332841,-0.26443525457640804,-0.7151988624414728,0.23815766402517322,0.7027317086130156
ETR,2.381908093520809,0.1976240681208015,1.3819080935208088,0.04450015208918374,0.11080615038695554
EOG,0.6232323426028379,0.20861015742034597,-0.6045380376500483,0.43713978926727337,0.37802357769788075
EPAM,0.5917483647319093,-0.30664018369056495,-0.6899075005522805,0.05219550638006677,0.5201214507501061
EQT,0.6708738524955825,0.20147060556102753,-0.4905931961427648,0.41926818752753503,0.44394741647237895
EFX,0.9190195863907228,0.11707863120360261,-0.08811609111326192,0.1459257581278266,0.32737637995249597
EQIX,0.9244873138028384,0.043796242745790144,-0.08168060834338928,0.05689678062903643,0.16038736915585866
EQR,1.0979387671629646,0.11637896945873459,0.09793876716296447,0.08773132964128627,0.29250562006544656
ERIE,2.8610513753889175,0.7214838375058912,1.8610513753889175,0.16527241891868708,0.2988694594586184
ESS,1.6171344981001259,0.2522758615447135,0.6171344981001259,0.07180927533964493,0.29242666997330796
EL,0.5690172729364295,-0.31800612853775445,-0.7574158950210286,-0.055614986911571455,0.34642940998603955
EG,0.7752705377791772,0.17066101436962453,-0.28987231072210967,0.20448428307214617,0.11668333763326161
EVRG,0.8039627593379354,-0.010135765030419137,-0.24383870818034112,0.024829056561160807,0.143393236670694
ES,0.7297128716543195,-0.10712365360832783,-0.37040202913361964,-0.0608102274289521,0.12503556281185632
EXC,0.5738446132578716,-0.016855831244543328,-0.7426320242386326,0.15196578697792154,0.22732876136811575
EXE,0.850083074912871,0.2524927153486295,-0.176355616893672,0.31884361654531673,0.3762335578837356
EXPE,1.0946919696823076,0.17918712424467875,0.09469196968230771,0.13537410609317815,0.4626899017782988
EXPD,0.9218135059154793,0.10901467908949206,-0.08481812599054027,0.1290399294691311,0.23609635494507913
EXR,0.7843099348501991,0.049566029369006046,-0.27500616218892737,0.15546134293461944,0.38506523898495054
XOM,0.5629764057309626,0.18864644517760004,-0.7762733745504139,0.41071710536901146,0.2860727515226524
FFIV,1.3124146761018332,0.1449383325942433,0.3124146761018331,0.05918264892714913,0.27449313437228434
FDS,0.7291676446604275,0.059904383925943216,-0.3714267320044061,0.11791517665267352,0.1561836769628152
FICO,1.7354386712279208,0.637652927873564,0.7354386712279208,0.3430555251426851,0.400573717777182
FAST,1.7029798896374244,0.26230671208491124,0.7029798896374244,0.1387584619483192,0.1757493378655746
FRT,1.2607682577683987,0.19583272039791863,0.26076825776839874,0.12279469355130393,0.2800878736992729
FDX,1.154867160881849,0.1889693511662023,0.154867160881849,0.12645031846271895,0.4036945750634654
FIS,4.009060095308339,0.43710348107235975,3.0090600953083384,-0.18185088345283232,0.20569691030440115
FITB,1.9379849556643345,0.6153427713484413,0.9379849556643344,0.18064423799552126,0.46343870520294406
FSLR,0.9371285659219932,0.33898305467023354,-0.06708944360921354,0.37872610366878284,0.5923890087693513
FE,1.1448279394401233,0.12429173944532015,0.14482793944012334,0.09986845649794109,0.1686365423812196
FI,2.556661165733572,0.3348782533902828,1.5566611657335718,0.08167107389141204,0.16266043315826387
F,0.7166587918193291,0.06577151302339028,-0.3953641696927674,0.26673785648732257,0.5083069202252211
FTNT,0.5269416073300464,-0.13186011846608198,-0.8977434806617133,0.3789175339101015,0.5689572393215231
FTV,1.4304720181189066,0.14801348386687654,0.4304720181189065,0.07544517188362235,0.16857846486832304
FOXA,1.344470854640341,0.12240025444768514,0.34447085464034094,0.05294760448953128,0.20162126642228928
FOX,1.4757817518426066,0.11378332980643235,0.4757817518426067,0.031212473183713587,0.173547758616085
BEN,0.7510530998601109,0.028928512035826224,-0.3314637809047818,0.12133657157934245,0.27878780387792024
FCX,1.1962785278331458,0.5576979629513467,0.19627852783314573,0.4073905738764202,0.7657862056245968
GRMN,2.553078106885488,0.6278334468144646,1.5530781068854884,0.1074963647181234,0.33503600352709545
IT,0.6887126467027908,0.22402739123205714,-0.45198437227412086,0.42471612279809656,0.44401697022463665
GE,2.140956584361473,1.0459117662520372,1.1409565843614728,0.4292780231923646,0.5404532928873598
GEN,2.861564033590635,0.4529552313349813,1.8615640335906352,0.03722886126351083,0.22332101532366103
GNRC,1.3722354311225975,0.3515425008135826,0.3722354311225975,0.07459710533105833,0.7440060035319717
GD,2.783110620287797,0.5014112679641699,1.7831106202877967,0.19999414549146233,0.1690400578871873
GIS,0.4371719734203765,-0.1540996288443,-1.287429343139567,0.07916571863819681,0.18118691229582232
GM,1.6569481400099457,0.4039128922759332,0.6569481400099458,0.09242320120760843,0.4741465453629398
GPC,0.5373920570938686,-0.00625983193362472,-0.8608388173949612,0.18902842093891312,0.2268580934390389
GILD,0.43840170051209076,-0.131788214769514,-1.2810130499765724,0.09791246535002623,0.17931174090985338
GPN,1.6966140449989433,0.051252565972784526,0.6966140449989433,-0.09097843535809687,0.20417475408652885
GL,0.3076025851359926,-0.19135760301789978,-2.250947970927797,0.10099674348574517,0.12988054378846534
GDDY,5.247924926216018,0.9028346975893171,4.247924926216018,0.07104653630314162,0.1958104664592363
GS,1.6237175987876868,0.4540117583789039,0.6237175987876868,0.2169933640394533,0.38000914965385085
HAL,0.878394514811653,0.304808531759393,-0.13844062450050912,0.34691701324343976,0.3041627530645235
HIG,2.0638764096533184,0.5451293136793649,1.0638764096533184,0.25173693686147364,0.27577674827238435
HAS,1.581307231751484,0.060741299300801216,0.5813072317514841,-0.06035748806806764,0.20832148776817566
HCA,1.0064094289858254,0.2972931166003082,0.0064094289858254785,0.29490688754787187,0.37229978797074154
DOC,1.4773851289934887,0.061832843043101736,0.47738512899348867,-0.05110974981420667,0.23658590516934366
HSIC,0.534582861383619,-0.06170507569463881,-0.87061739579862,0.051785437557463634,0.13035635837255152
HSY,0.35469361338321226,-0.22084477377818568,-1.8193346659433545,0.14431205526956342,0.20070899317383664
HPE,1.2874918949656933,0.26052792496235455,0.2874918949656934,0.19001466773329284,0.24527041792769883
HLT,2.103482741187674,0.4791662737451196,1.103482741187674,0.22056061671488417,0.2343540568218577
HOLX,0.5265640959656361,-0.06477374381906856,-0.8991040362639167,0.035584632808778285,0.1116204272031411
HD,1.5191967609978878,0.21276274562125017,0.5191967609978878,0.1070732123057641,0.20356354518150788
HON,1.0488296313770418,0.07878697134535524,0.048829631377041875,0.06868393315633434,0.2069038390031965
HRL,0.5618019583327536,-0.1633338512496855,-0.77998667531825,-0.06088457940199926,0.131347464116467
HST,0.9537503062895288,0.1394095769062628,-0.048492454896712944,0.14960158081703717,0.21017710760329525
HWM,2.6448728426345136,0.9872771695846438,1.6448728426345134,0.3860001365882803,0.3655462096591777
HPQ,1.3793184601036312,0.30170825017147807,0.3793184601036312,0.17350465269021886,0.3379840713426747
HUBB,1.4547632311127998,0.39726247220532956,0.45476323111279976,0.3090881963932913,0.1938905122040692
HUM,0.3401689750352485,-0.2804871387178468,-1.9397154749235421,0.03545496222280292,0.1628806415297085
HBAN,2.0461447268126216,0.4230071752693124,1.0461447268126214,0.10153996523051473,0.30728751175589186
HII,1.7575322132960374,0.2844919671122559,0.7575322132960374,0.15591546887286878,0.16973073353534138
IBM,2.341418268334289,0.35771712191262156,1.3414182683342888,0.15519320479682577,0.15097745565019077
IEX,0.8960753417174073,0.06043399209618149,-0.11597758965603494,0.07954180172015408,0.16475432607835983
IDXX,0.8792501157627703,0.06923859963861125,-0.13733280448018625,0.11994998592947188,0.36925908913610694
ITW,1.156149276108998,0.1344434405434547,0.1561492761089979,0.1103441875546981,0.15433470835903482
INCY,1.4179474924329445,-0.06108851938489106,0.4179474924329446,-0.11293856540027306,0.12405875607376879
IR,2.4247519379561826,0.6441287777801026,1.4247519379561826,0.2582658885527055,0.2708281202838161
PODD,0.45328133369159485,-0.3539106565491112,-1.2061354079062596,-0.011812533405952924,0.2836316062862371
INTC,1.0210013418647166,-0.005043864051864756,0.02100134186471655,-0.012202275084654456,0.3408549357894239
ICE,2.072851531242554,0.2820197432415399,1.0728515312425542,0.07952388965903434,0.18874545795537906
IFF,2.660774716333126,0.2909887450962148,1.6607747163331263,-0.07620236911696446,0.22109628151367297
IP,2.8030745952866893,0.6188397258523184,1.8030745952866893,0.04176141772846091,0.32005237588747787
IPG,0.537513863304071,-0.12370913695605465,-0.8604171320401852,0.2432208830205443,0.42645596689427806
INTU,1.4307105644384428,0.38414789929296844,0.43071056443844274,0.22956641055981059,0.35889876287269634
ISRG,1.4159112251745405,0.3062629934409611,0.41591122517454043,0.16867071598130617,0.3308212645665267
IVZ,0.9389285733436264,0.15123967786004022,-0.06504374069572895,0.1959008802098876,0.6866333619828238
INVH,0.8948567293137062,0.06842739776613069,-0.1174973235848955,0.09592482336912837,0.23402597407361314
IQV,0.9676764812286468,0.11264025322878636,-0.03340322865996749,0.12228304463634569,0.2886784240445551
IRM,1.8465264883106043,0.570833004497235,0.8465264883106042,0.3620014519239775,0.24669228365200763
JBHT,0.5373924326851753,-0.028698498929713046,-0.8608375168279258,0.1318697803823788,0.18652565225521892
JBL,0.7056957549020669,0.33213631173828495,-0.41704125758667093,0.46706969727499636,0.3235492486224078
JKHY,1.4726695959688987,0.09170093186837583,0.4726695959688986,0.02147867744314406,0.1485652028903766
J,1.629271301731004,0.2819315103869042,0.6292713017310041,0.12941412436360486,0.24237143121536517
JNJ,0.5859087387186563,-0.025017466747768675,-0.7067504440826976,0.04230215210964201,0.09525231914751164
JCI,1.150434218196647,0.23497283219354226,0.15043421819664693,0.17636200285484152,0.3896110209585756
JPM,2.079149027055643,0.5326847464227727,1.079149027055643,0.19144560510732114,0.3162113227739181
K,0.8500259378590045,0.001341252479476944,-0.17643468917988717,0.022493131202856453,0.1198850340695402
KDP,1.549206617907374,0.13063705465058506,0.5492066179073741,0.04997580100307022,0.14686868478543838
KEY,2.3165621339036266,0.652017019951375,1.3165621339036266,0.08133034724553906,0.43346732980519603
KEYS,0.5244805142924758,-0.14412859631874647,-0.9066485269695863,0.10393707211104718,0.27360731424661
KMB,1.4145786841470773,0.030790130611944435,0.4145786841470773,0.002661845835575936,0.06784787991268171
KIM,0.8024428001550983,0.11083747476325291,-0.24619474410726513,0.20246646469887747,0.3721809345194734
KMI,2.133956789899079,0.2916121182302938,1.1339567898990788,0.13526922992571835,0.13787376176696278
KKR,2.4870696359968125,1.017857277677565,1.4870696359968123,0.3282955298894963,0.4637050821939766
KLAC,2.265667574036569,0.7336136723664983,1.2656675740365688,0.35103512002545306,0.30227412014743726
KHC,0.5721213074878427,-0.031740003377893226,-0.7478810645786853,0.06388150220570729,0.12785656719022345
KR,1.2154248288834553,0.18361806237136474,0.21542482888345516,0.14618760160556307,0.17375184169718688
LHX,2.357493492935319,0.3096156344598208,1.357493492935319,0.06140488286254577,0.1828448923615589
LH,0.9410469528030618,0.08189602345729047,-0.06264623356075591,0.0982233001381942,0.26062662913436174
LRCX,1.4690626066134527,0.5281616857430891,0.4690626066134526,0.3080536318458884,0.46925090764821586
LW,0.4447173799107321,-0.19655722703765846,-1.2486191122117365,0.16752014756059,0.2915840155236303
LVS,0.599235923786824,-0.17373037623267584,-0.6687918068739589,0.04694837331628282,0.32996628738687284
LDOS,5.434123324637593,0.9113795744244508,4.434123324637593,0.06492542202093055,0.19089549171993367
LEN,1.861056107966089,0.5163143268958162,0.8610561079660889,0.24691348494269616,0.3128725752720982
LII,2.6754706345301846,0.8446529430191003,1.6754706345301849,0.2095779153548809,0.3790427683874623
LLY,2.6279616040611393,0.9261568618049629,1.6279616040611393,0.5121100299987701,0.25433451917619243
LIN,1.3379660410378325,0.24751661086063625,0.33796604103783234,0.19590343534537827,0.15271704623566112
LYV,0.9633116102609168,0.17262940956848588,-0.03808569246782567,0.1871102853373606,0.380218261256717
LKQ,0.47895679198604685,-0.1657618583552382,-1.0878710078489342,0.18802247822347976,0.3252079833235576
LMT,0.9412804898774182,0.08914746842570317,-0.062382584951090066,0.09751104061420408,0.13406902254945377
L,1.8198534364260737,0.3767288454571694,0.8198534364260737,0.19854797153196663,0.2173325938620608
LOW,0.9063955226656838,0.12285553960845688,-0.10327111618891059,0.14477256044370462,0.21222798439745366
LULU,0.595723108145175,-0.060072915618936,-0.6786322140726904,0.09347598732241696,0.2262623255383893
LYB,1.3029362137876783,0.2254128030967639,0.3029362137876783,0.1534019797898797,0.23770952441280285
MTB,1.857865079549859,0.32461993159619384,0.8578650795498589,0.10263095948036821,0.2587690971548909
MPC,1.664547042775714,0.7212667360678292,0.6645470427757141,0.5669591858788098,0.23219958897792964
MKTX,0.7222086604567823,-0.26119710949159197,-0.3846413851746396,-0.1813908293222194,0.20748230233503853
MAR,1.6308713727024151,0.3919720982772701,0.630871372702415,0.2515447880557959,0.22259261760434076
MMC,1.0994964850447193,0.2161126749531793,0.0994964850447194,0.20113467257503603,0.15053800515074767
MLM,1.5993880858884586,0.44618313735788134,0.5993880858884586,0.26283516791318623,0.30589191504019103
MAS,2.7819412703515853,0.4755019969036151,1.7819412703515851,0.08638158474527058,0.21836881979930198
MA,1.9829008168684945,0.23197147975972687,0.9829008168684945,0.0940001010651582,0.1403716187093456
MTCH,1.281057114683772,-0.11217408762188788,0.28105711468377187,-0.21472969856091545,0.36489242072529215
MKC,0.5411934049556006,-0.13865049086409265,-0.847768267024687,-0.041148428949027996,0.11501027545800484
MCD,0.3196238872780924,-0.0714841972525411,-2.1286772979202855,0.12400955358680744,0.0918381339578083
MCK,1.3703459098960733,0.46527027160542617,0.37034590989607324,0.3898828695647065,0.20355942924244771
MDT,1.2594532226206316,0.016124206562915706,0.2594532226206316,-0.033084260550723284,0.18966219273210122
MRK,0.9711737947826334,0.16814247044086827,-0.029681819435643252,0.1724604041399757,0.14547402353382244
META,1.592995152752442,0.7653568836538862,0.5929951527524419,0.32119505797432096,0.7490142602649399
MET,2.1284010230126333,0.5116480398404188,1.1284010230126333,0.19504656400741308,0.2805753179731575
MTD,0.9266181061401311,0.06219974052428353,-0.0791932440922662,0.08370304390560306,0.27152951779910073
MGM,0.6770354140184087,0.02239748620291315,-0.47702761080797734,0.26151670098295293,0.5012691285836174
MCHP,1.739790614258105,0.31891758902762657,0.7397906142581049,0.14900172918805576,0.22968101590470977
MU,2.853997873789277,0.843597786000838,1.8539978737892773,0.15495719606199745,0.37143547987537257
MSFT,1.236706424246701,0.2745121314974804,0.23670642424670105,0.2125398462984915,0.261810744664876
MAA,0.6962604466454698,-0.051975763146976786,-0.4362441595209441,0.09879488114906892,0.34561068843102116
MRNA,0.8142668729530199,0.11620079926137472,-0.22809859177176195,0.443748371804186,1.435991208882864
MHK,1.523857971423411,0.32475009878673233,0.523857971423411,0.05711142003812253,0.5108993149830099
MOH,0.8055489313207167,0.1485213347290381,-0.24138951852431376,0.19649024495221,0.19871993828240836
TAP,0.39273658335901623,-0.08953616524231896,-1.5462359310842708,0.17133808603573883,0.168715683055641
MDLZ,0.3874003446700577,-0.04441954975746923,-1.581309009551045,0.10528182964753191,0.09466927621408
MPWR,1.8799386399192644,0.5130425142054682,0.8799386399192644,0.2579067773962254,0.28994719090032445
MNST,0.38023262881186926,-0.11429547739713738,-1.6299689301382339,0.10592974890595878,0.13511007616839626
MCO,1.663620598000999,0.26438631458462514,0.663620598000999,0.11114248162898523,0.23092085058428102
MS,1.0838787282312456,0.2458854018759098,0.08387872823124556,0.21318187012996254,0.38989064850610006
MOS,0.6444049872867215,-0.009166242371635417,-0.5518191505787652,0.33208080485576236,0.6184037775229208
MSI,1.3308515361296571,0.31020007814805567,0.3308515361296572,0.246825734516789,0.19154918962332082
MSCI,0.7771991295721995,0.06403714584001573,-0.2866715387991219,0.14877706788551465,0.295599355277743
NDAQ,0.8990917332002275,0.08397012820048488,-0.11223356090773927,0.1127716341056494,0.2566211538885465
NTAP,2.528796529344966,0.8586989688536256,1.5287965293449661,0.24610387760915814,0.40070413523697773
NFLX,1.8878364074261829,0.6234090966826468,0.8878364074261829,0.14265124672283738,0.541493732334671
NEM,1.9885136978622975,0.07441168201555277,0.9885136978622976,-0.08581670031686368,0.16209019933554494
NWSA,1.7474320634368268,0.4977286390741209,0.7474320634368269,0.1833545361460349,0.420605588530063
NWS,1.8601079530124018,0.5212052161295619,0.8601079530124018,0.18920027367234601,0.3860038048647467
NEE,1.878208032576196,0.12305543364618186,0.8782080325761961,-0.00596929209729281,0.14691817992712347
NKE,0.7570839375001678,-0.084667767293216,-0.32085750399344387,-0.0025070942074353437,0.2560659235429926
NI,1.3036551833024852,0.12323291771995148,0.30365518330248514,0.08429229419506236,0.12823961409576384
NDSN,0.9571008179121745,0.08916692319142817,-0.04482200964095516,0.09503854150017586,0.1309985508410275
NSC,1.2954526523597711,0.10765053544494427,0.2954526523597712,0.04658967308302729,0.20666885835759385
NTRS,1.6988902520866098,0.21719239179263836,0.6988902520866098,0.030821517543176385,0.2666668674989131
NOC,0.6434117683155649,0.05255318909359078,-0.5542146557529927,0.1550929199962483,0.18501807889461216
NCLH,1.083328525085569,0.11784511481788931,0.08332852508556898,0.0782708030413826,0.47491914366500976
NRG,5.0103227929260505,1.4755393559072234,4.0103227929260505,0.1738315408066195,0.32458928677679816
NUE,0.6650165930653215,0.2943808820705032,-0.503721877661141,0.5355189051899616,0.47871262657699065
NVDA,2.1751554195600455,1.8986672513799068,1.1751554195600453,0.8293781846939016,0.909912892276262
NVR,1.800894471333929,0.3828637834599834,0.800894471333929,0.18983584868427983,0.241015441715069
NXPI,2.0006388889278854,0.5488257645634489,1.0006388889278854,0.2049703238408843,0.3436358955536713
ORLY,0.3863016367187281,0.06636695041778452,-1.5886506940381273,0.2681801757118224,0.12703436070081395
OXY,0.546155750210698,0.09763083417079885,-0.830979532146675,0.6247199399977762,0.6342985421859243
ODFL,0.6587524838717977,0.13396637191386965,-0.5180208416407487,0.27674378402508176,0.2756209801501178
OMC,0.6935136865536717,0.08874138472354502,-0.44193260982255894,0.17735523109721724,0.20051438704478428
ON,0.39188809457073415,-0.12631576257579316,-1.5517488636529742,0.44440622347440556,0.3677927526923792
OKE,1.451235603391169,0.51095251530739,0.4512356033911691,0.3483782229640681,0.36028693463354405
ORCL,0.6668650671390863,0.12206269866345704,-0.4995537317468042,0.2638453611423702,0.2838186434583075
OTIS,1.6844142662860797,0.26762319975164334,0.6844142662860796,0.137554702185485,0.1900435218452778
PCAR,2.9268642437944257,0.6356138148930862,1.9268642437944254,0.22021753068468009,0.21558150012187585
PKG,2.8420587354614084,0.5278046663146673,1.8420587354614084,0.1534168923100694,0.20324421083718555
PLTR,1.2273135363402317,0.4738273452721774,0.22731353634023174,0.26552699310082983,0.9163570085838347
PANW,0.8945659705715008,0.3820235461157018,-0.11786054119758413,0.42236470003405174,0.34227870929865434
PSKY,0.8744581922056295,-0.2057375810364195,-0.14356524864581444,-0.1490792551179013,0.3946520934066592
PH,2.384771129658739,0.6833402251036151,1.384771129658739,0.2731597198919323,0.2962081577428374
PAYX,1.1113846150322497,0.18065979330889653,0.11138461503224979,0.15772571241701958,0.20589989816131005
PAYC,0.3797856102704046,-0.47768215557154353,-1.6330644788990483,-0.0813440528485566,0.24269593016326177
PYPL,1.6082548429916357,0.016131633697751065,0.6082548429916357,-0.2116979141106169,0.3745626531928837
PNR,1.7471480726482722,0.48637565311223174,0.7471480726482722,0.20246770033796316,0.3799888712393444
PEP,0.4330220306355568,-0.023757249256273903,-1.3093513245325556,0.10372781960060838,0.09736505891754839
PFE,0.55277491197994,-0.2074018923123083,-0.8090546049171815,0.03337427183390884,0.29760187097737867
PCG,0.7270046967049711,0.09573480358354755,-0.375506932117956,0.1637393105567874,0.18110053678550453
PM,1.4586028101833606,0.18971405226270793,0.4586028101833605,0.1197248668519306,0.15261394796685604
PSX,2.8361490911941067,0.6090959748456902,1.8361490911941067,0.27905877282124164,0.17974422861806652
PNW,1.3113227653817634,0.06920308059347051,0.3113227653817633,0.03655664667807015,0.10486362561814996
PNC,1.8560741022874727,0.4221192777777333,0.8560741022874726,0.10794477472684198,0.3669945185952961
POOL,1.2406304042541256,0.16366745619121564,0.24063040425412555,0.09025987882590782,0.30506359989232024
PPG,0.821573681194823,0.019813785615024906,-0.21717628362399574,0.0752881739924367,0.255434835939344
PPL,2.649478728704058,0.16238884685649788,1.6494787287040584,0.02945198383570343,0.08059325695290329
PFG,1.2767231803198111,0.2987131257853211,0.27672318031981125,0.23159614078932142,0.2425419689034798
PG,2.0290055163968312,0.18425788324102055,1.0290055163968312,0.07837090935539287,0.10290224124006819
PGR,4.276152259396029,0.6625535053068848,3.276152259396029,0.22166122697733878,0.13457624781176264
PLD,0.5657240724790027,-0.08778981508984042,-0.7676461876865169,0.10877927192834887,0.25606730049763765
PRU,2.386221420336471,0.614314416795875,1.3862214203364709,0.1953798447104918,0.3022133159533036
PEG,3.17513745247454,0.3159385128708879,2.17513745247454,0.07517114469068507,0.11069064527682809
PTC,1.4836355261456275,0.31130962423186637,0.4836355261456276,0.18088892956226124,0.2696673168511904
PSA,0.6666598318488951,0.008661214265760869,-0.5000153784976501,0.14326883845175217,0.26920696837452157
PHM,1.9905804589298364,0.7895210378718756,0.9905804589298365,0.3482271694170924,0.445490181515927
PWR,1.1661859789698772,0.5563669724137812,0.1661859789698773,0.4994127132074018,0.34271398561669775
QCOM,4.016810415817124,0.8454775658554371,3.0168104158171247,0.08182304454778107,0.25313308297525705
DGX,1.2735251271257435,0.0939697243727599,0.27352512712574356,0.05645234247886229,0.13716246945257907
RL,2.8271533955634087,0.7969159773423092,1.8271533955634085,0.22293005652795267,0.3141421635469014
RJF,1.3326379702567783,0.3802031165668126,0.3326379702567783,0.2710154440507665,0.32824777168932096
RTX,1.3106933470550208,0.20207542496951622,0.3106933470550207,0.13852793033199604,0.2045344557257821
O,0.6177109758240057,-0.055572836232610924,-0.6188800897799065,0.03206594111551232,0.14160865536858747
REG,0.8766318067880826,0.13824673592939055,-0.14072977076194593,0.18091413305917262,0.3031867166326655
REGN,2.2042416150460493,0.3325356925832827,1.2042416150460493,0.1515855134171738,0.1502606926261965
RF,1.0325914831424945,0.1799993672923649,0.032591483142494555,0.16794107398405447,0.3699829570685652
RSG,1.7287026893322957,0.3247121837542918,0.7287026893322957,0.21554127334304576,0.14981543503191738
RMD,0.901309326539863,-0.01107711074813315,-0.10949700680343762,0.015513641181814374,0.24284455535557817
RVTY,0.86176038583319,-0.05008160378985769,-0.16041537350681695,-0.004898462661703512,0.28166341006109424
ROK,0.5848809114824889,-0.059169161359552476,-0.7097497633583476,0.10816933870410478,0.23577112484244567
ROL,1.8290983423378244,0.17832787220147153,0.8290983423378243,0.07630579258315859,0.1230518436819441
ROP,1.5961334930797935,0.17955248609933763,0.5961334930797936,0.0920643573202024,0.14675929098891408
ROST,1.9365579640517079,0.3637548808930457,0.9365579640517079,0.11741618528558623,0.2630255734965476
RCL,1.7422901742689594,0.8238852181547449,0.7422901742689593,0.33654966023577426,0.656529716830646
SPGI,1.4378368592648487,0.17415874651155952,0.43783685926484867,0.08418968110326959,0.20548536173805185
CRM,0.8871216564422889,0.050883065139600635,-0.12724110919622714,0.09582864220593541,0.3532315723295147
SBAC,0.8091475959762763,-0.09904858115952278,-0.23586846821617383,-0.0546144571273251,0.18838518080964403
SLB,0.483192052571563,0.09318562018387752,-1.0695704630859908,0.383339836636086,0.2712810669949109
STX,1.8173445771273364,0.6116996118637481,0.8173445771273365,0.23229737951277138,0.4641888414852338
SRE,1.195042050250124,0.10994241689504022,0.19504205025012392,0.08386181066490453,0.13371786338735497
NOW,1.187690774984566,0.20586283884828444,0.18769077498456593,0.14437674878143802,0.32759249926855755
SHW,1.9153028842820077,0.34633851165495594,0.9153028842820077,0.11415951904242516,0.2536635649243685
SPG,1.4855101276162967,0.528761961541224,0.48551012761629686,0.3028257724998075,0.46535834412083765
SWKS,0.8784548015100092,-0.08087274223683609,-0.1383624954648346,-0.04394654055332057,0.266880136553337
SJM,0.3494355475123398,-0.21374628506869525,-1.861758075613891,0.07151868867597005,0.15322343836247512
SW,2.115306745259077,0.4074404507849989,1.1153067452590772,0.06321826008273346,0.30863454575656246
SNA,0.7193357160376164,0.12529928318601674,-0.3901714841971044,0.21410464933567377,0.22760598799884332
SO,1.8534666911723932,0.19617558934745136,0.8534666911723933,0.10669984851433856,0.10483799984062815
LUV,0.9162843025640952,-0.0810645833184003,-0.09136432568105539,-0.05219148847282884,0.3160215393737467
SWK,1.8293743096378348,0.20669035924391999,0.8293743096378348,-0.07170109460216802,0.33566442872778873
SBUX,0.5371533706807611,-0.16033346584947733,-0.8616656891357685,0.06516988495869218,0.2617063133085227
STT,1.3330657485067865,0.15291325270263287,0.3330657485067865,0.07514683038684847,0.23348669944126615
STLD,0.8767512078671224,0.4782405726214548,-0.1405744195468012,0.5323764521263398,0.38510476998172205
STE,1.1635579380675432,0.1250422434465493,0.16355793806754318,0.09490026658500135,0.18428929355358137
SYK,1.5181532144267416,0.2505104931810995,0.5181532144267417,0.14447964254564996,0.20463223556908106
SMCI,1.4013049910696092,2.503058486061749,0.40130499106960904,1.6975558757560463,2.0072080542999844
SYF,1.5847077690419689,0.45840984377982297,0.5847077690419689,0.1808627521688572,0.4746765928315281
SNPS,0.7759046666509342,0.23263583243745745,-0.28881812802639373,0.2898000449009576,0.19792460000390352
SYY,0.9409219200373159,0.06999113357650687,-0.06278744144927684,0.0820915647067086,0.19272056403153695
TMUS,2.2732773449718495,0.28541988506351257,1.2732773449718497,0.08965475671044067,0.15374900772886993
TROW,1.3938114999873732,0.14984714767304513,0.39381149998737314,0.01565417070565395,0.3407543379807188
TTWO,1.6571958635679795,0.16430701796854583,0.6571958635679795,-0.0048376208052099585,0.25737325529630284
TPR,0.7841292206702236,0.12659414391332544,-0.27530000622252515,0.3332366923010142,0.7506085859680638
TRGP,1.2511589003041106,0.7803228349576385,0.2511589003041106,0.6416550414455167,0.5521118038987224
TGT,1.501998717950141,0.23267546715165868,0.5019987179501412,0.041292970693208725,0.38124100643113235
TEL,1.477582976549195,0.24449269073848046,0.47758297654919507,0.12622157309791798,0.24764517046888407
TDY,0.8038980253910273,0.021356023262302064,-0.2439388683826983,0.06317599418467858,0.17143627499643946
TER,2.101590150572763,0.41310432685563325,1.1015901505727632,0.06994546705488944,0.3115122803361314
TSLA,0.6399317782272401,-0.1267591417306833,-0.5626665748186982,0.2809314636535583,0.7245687297412455
TXN,1.4175719229798598,0.15759153290344352,0.4175719229798597,0.07515411650116449,0.1974208797708249
TPL,0.9373156274204651,0.4253692867714025,-0.06687648295382109,0.47376564730641607,0.7236678485085968
TXT,1.3859173173556725,0.41750687094273176,0.3859173173556726,0.274084155616171,0.37164104557240746
TMO,1.2583869099055833,0.12006101461100857,0.2583869099055834,0.07659778745615399,0.16820986469762103
TJX,2.089831767696886,0.36315958860318637,1.0898317676968858,0.17427208231755395,0.1733180403474599
TKO,0.6267394063112081,0.11900825141080212,-0.5955594780383875,0.2549917921364061,0.2283290682796236
TTD,1.3601919643110925,0.3239154731040988,0.3601919643110924,0.17397884936310937,0.41626865282172537
TSCO,1.9530499466617348,0.3879992279893782,0.9530499466617349,0.1798927898248933,0.2183583755430899
TT,3.1287884515259723,1.0356191371167616,2.1287884515259723,0.2693704448640932,0.35994590806024
TDG,3.1164836811431607,0.8000594195984443,2.1164836811431607,0.2624667732149485,0.2540027363183494
TRV,1.9434996252645367,0.3028317046446069,0.9434996252645368,0.16237265008822474,0.14887028123302168
TRMB,1.3331136811975983,0.19305769208762932,0.33311368119759843,0.05903915418767871,0.40232072551968423
TFC,2.0073212377898617,0.3251391134708373,1.0073212377898617,0.004907943991307068,0.3179037207456694
TYL,1.7264722121433578,0.21009672433430188,0.7264722121433577,0.043402841490107154,0.22945665375470736
TSN,1.6362209893653377,0.1739260595148547,0.6362209893653377,0.007906304398403481,0.2609466803068919
USB,2.122760203652435,0.42909987501070584,1.1227602036524351,0.061993688114676454,0.32696758016698624
UBER,1.774297456785831,0.7020827060152737,0.774297456785831,0.24222812285985607,0.5938991263955713
UDR,0.8477840889791309,0.017186421786727038,-0.17954560954801796,0.07214055719524225,0.3060734013315886
ULTA,0.48835890899582723,-0.03596610964867961,-1.047674326360133,0.21641435091306485,0.24089591031458557
UNP,1.930213136369839,0.23787610711620358,0.9302131363698389,0.08751251249287621,0.1616442390935501
UAL,1.1031167518922709,0.11628397547536254,0.10311675189227092,0.08485127949438726,0.304826280930706
UPS,0.584340956997393,-0.1329381893372822,-0.7113296407262816,0.07372947875460603,0.29053712408339466
URI,2.4534361304834347,1.032206732206864,1.4534361304834345,0.4064426502902325,0.4305411629670256
UNH,0.5557687229071667,0.032383459473328546,-0.79930960268708,0.17049831348583203,0.1727926870241465
UHS,2.3058018425832993,0.4447013938727378,1.3058018425832993,0.11215812321900641,0.25466595298705735
VLO,1.47001234580765,0.5170219959896537,0.47001234580764994,0.38361010662888506,0.28384762772884004
VTR,1.6593129748374276,0.21192904722469902,0.6593129748374276,0.06624071476341699,0.22096991568716762
VRSN,0.4040765797255712,-0.21941604160259365,-1.47477842115757,0.0068761054081237635,0.15344145518016067
VRSK,1.3690644478344445,0.1605877409082622,0.3690644478344444,0.0971278151265945,0.17194808699139358
VZ,3.687166105206384,0.2407129817914617,2.687166105206384,-0.06776811699757287,0.11479792715134077
VRTX,1.9472685731914918,0.40723795787919764,0.9472685731914917,0.16719590748146668,0.25340442741491237
VTRS,2.50703292527205,0.21327031725082793,1.5070329252720496,-0.06877220180372073,0.18715086732669386
VICI,0.5531787233130564,-0.020915306243136884,-0.807734024929367,0.1379809781053524,0.1967185725058247
V,2.1543015457498624,0.2423556510632276,1.1543015457498624,0.08751714341667167,0.13414043168933734
VST,6.552443779094201,3.231567249111398,5.552443779094201,0.35743558878556225,0.5176336356880155
VMC,1.499968715004501,0.3186986568193258,0.49996871500450096,0.1992356942203577,0.23894087572637948
WRB,2.446775768485753,0.4864878009275694,1.4467757684857532,0.20575578785700135,0.19403975321233927
GWW,2.027881032188,0.4336779902261804,1.027881032188,0.2971297823301355,0.1328443697471306
WAB,4.660350257570045,0.8384583870514998,3.660350257570044,0.21888877010218827,0.16926511763948465
WMT,3.687123864241478,0.3627757601755033,2.687123864241478,0.08048781388427266,0.10505207818952361
DIS,1.854026219247206,0.1851824776387611,0.8540262192472058,-0.07046681311059198,0.2993459509647128
WBD,0.8144774611750155,-0.2695035490973616,-0.22778105922948214,-0.194135577525932,0.33087901086410704
WM,1.981841228916045,0.3231287125960097,0.9818412289160451,0.17267898588954508,0.15323223579902168
WAT,1.3217049360349766,0.22959952390537533,0.3217049360349765,0.12199753429386183,0.3344741642379238
WEC,0.7177662626620042,-0.03673711808972955,-0.3932112054016943,0.00269471244380868,0.10028155350571889
WFC,1.744626959225339,0.553250571826342,0.7446269592253388,0.25661311774421625,0.3983705537477825
WELL,1.9450550372122941,0.4298067573409235,0.9450550372122942,0.18644353031152194,0.2575122267453014
WST,0.6762770316543768,-0.007462272719092937,-0.47868396114784434,0.16251954010109282,0.3551023778038928
WDC,3.0035792199690783,0.9439710774784247,2.0035792199690783,0.09657467812758529,0.422941299702598
WY,0.8993227739420762,0.07806291606653278,-0.11194782226698993,0.10428707005400334,0.23425336425863894
WSM,3.3209886271284943,1.6378174622375463,2.3209886271284943,0.32457161458794187,0.5658131333777108
WMB,2.5236458495341907,0.5273315662686748,1.5236458495341907,0.253114763036672,0.17997410836372274
WTW,2.0150285706493234,0.1833375852556005,1.0150285706493236,0.06293339749568025,0.11862147651951957
WDAY,0.7615836589038149,-0.002547330208637069,-0.31305338331359384,0.10285874187440647,0.33670318770347063
WYNN,0.7715472991923562,-0.028860393947202658,-0.296096818752116,0.0904882554026596,0.40307305513396147
XEL,0.4839093730354376,-0.11927868949916767,-1.0665026464093064,-0.0056442091022650435,0.10654870925964074
XYL,1.9312328225724604,0.4254500192909679,0.9312328225724603,0.13621146941088366,0.31059746055888
YUM,0.8158663929377612,0.08844338140684867,-0.2256908835271581,0.1234015787718013,0.15489414910614235
