Date,Our Portfolio,S&P 500,SPESG
2020-11-20,1.0,1.0,1.0
2020-11-23,1.0085485269717347,1.0056359306172162,1.004185130056718
2020-11-24,1.0324845660155269,1.02188868493168,1.0202003725546138
2020-11-25,1.0263308710269974,1.020269585862554,1.0190469878799575
2020-11-27,1.0229219197981625,1.0227151508363757,1.0224411709956889
2020-11-30,1.0167018166232502,1.0180152136156673,1.018354997301327
2020-12-01,1.0199257696147117,1.0294894536554595,1.030185210307914
2020-12-02,1.0259729286196664,1.0313334409392902,1.0321294413581479
2020-12-03,1.017426930992496,1.0306897267330257,1.0303170515589801
2020-12-04,1.0296056261102027,1.0397971847317031,1.038687211107007
2020-12-07,1.0169906720728616,1.037784514130282,1.0366440236944172
2020-12-08,1.0279493230582883,1.040676973231097,1.0396757690764786
2020-12-09,1.0313564913593454,1.0324044221656197,1.0306466044039404
2020-12-10,1.0216691675344947,1.0310776709129847,1.0287023733537064
2020-12-11,1.0167593497405165,1.029773360443447,1.025901325019658
2020-12-14,1.0100562830730273,1.0252843116828507,1.0219798774650717
2020-12-15,1.02517496718367,1.0385322657285188,1.0356224802708265
2020-12-16,1.0197156080376601,1.0403733707099334,1.037698552572126
2020-12-17,1.023663282083894,1.0463634813930913,1.0426086586615928
2020-12-18,1.0155745522581583,1.0426895752062704,1.03756671132106
2020-12-21,1.009394777893508,1.038616538761066,1.0364792975546413
2020-12-22,1.0039044752443165,1.0364633902299834,1.034238499113566
2020-12-23,1.008658574041228,1.037236396287485,1.0345350665044075
2020-12-24,1.0125835119986553,1.04090467512197,1.0379292496201389
2020-12-28,1.0100453876293747,1.0499839963589663,1.04926518364199
2020-12-29,1.0085841922594192,1.0476452824532845,1.0468925439498489
2020-12-30,1.0107187420084351,1.0490507480123785,1.0458710005262586
2020-12-31,1.0195566079189156,1.0558054237245338,1.0516708087882498
2021-01-04,1.0172141015464007,1.040227196801688,1.0362815859607468
2021-01-05,1.0284330013820326,1.0475947049085068,1.0437290578821303
2021-01-06,1.0706400331245098,1.0535763059369123,1.047452693277413
2021-01-07,1.0794855643558428,1.0692191787853766,1.0632373392927048
2021-01-08,1.073533899861756,1.0750911836957218,1.0680814744739342
2021-01-11,1.0665259528960842,1.0680442287933234,1.0621499255262858
2021-01-12,1.0818584694379332,1.0684883092441484,1.0614249494935368
2021-01-13,1.087697038603984,1.0709198058371296,1.064885002952097
2021-01-14,1.0933846864425276,1.0669001606128714,1.0595795742402503
2021-01-15,1.0996990920617749,1.059229118611137,1.0524946406179456
2021-01-19,1.094383026390883,1.067847408714052,1.0608646996005635
2021-01-20,1.0952050192678953,1.0827285302096867,1.0774401919914325
2021-01-21,1.0811722870324707,1.083071455570956,1.079648105543798
2021-01-22,1.0924689324564174,1.079810748023359,1.0771436246005912
2021-01-25,1.0938855140451298,1.0837151697772207,1.0812627837490716
2021-01-26,1.101247712005664,1.0821016980604308,1.0802742257796
2021-01-27,1.0820658004774508,1.0543156165066447,1.0527912080087871
2021-01-28,1.0836826894203684,1.0646063968996315,1.0620510697293386
2021-01-29,1.0688712520399812,1.0440472768967546,1.0424768174105266
2021-02-01,1.08337646652989,1.0608060811639897,1.0592830068494088
2021-02-02,1.0881147838423373,1.0755494011536353,1.0723654603275992
2021-02-03,1.0899953988592737,1.076634382134557,1.074672129111503
2021-02-04,1.119452437254538,1.0883194420082134,1.0844592552709091
2021-02-05,1.1231738032671277,1.0925611617710083,1.0889409527184686
2021-02-08,1.1205636076878076,1.1006454024119663,1.0951360836028396
2021-02-09,1.1207314984692418,1.0994198062488876,1.0932248380067247
2021-02-10,1.1239205321587233,1.099040303097433,1.093554390851685
2021-02-11,1.1177102011555442,1.1008674083242551,1.0952349393997867
2021-02-12,1.116895127678832,1.1060536311383102,1.0997496223014647
2021-02-16,1.0997704572933513,1.105423985312886,1.0992882282054386
2021-02-17,1.1036419035373062,1.1050698052469443,1.099123502065663
2021-02-18,1.0927775679225038,1.100189998630221,1.0949383720089452
2021-02-19,1.0955229103590503,1.0981492598933666,1.0916430446901608
2021-02-22,1.090585714956751,1.089657447965521,1.0831741299105955
2021-02-23,1.0987030369516482,1.0910264043606774,1.0846569668648034
2021-02-24,1.1049401492003175,1.1034113147114648,1.0946747900722225
2021-02-25,1.08792887114693,1.0764011215175966,1.0688723208495117
2021-02-26,1.063424248437283,1.0712879856576645,1.0645225652184271
2021-03-01,1.0868404646075134,1.0967747447721223,1.0891386643123628
2021-03-02,1.085513928566402,1.0879118707213262,1.0804719373734943
2021-03-03,1.0792732157793328,1.0736969728413008,1.0668622194564494
2021-03-04,1.0736283418781039,1.059290950860588,1.0558228528254399
2021-03-05,1.0885848249764412,1.0799428535507645,1.0768800426638683
2021-03-08,1.101503756595273,1.0741551902992144,1.069399585288366
2021-03-09,1.114592697024876,1.0893594727966938,1.0836024379870939
2021-03-10,1.1296903120324138,1.0959286517604978,1.0891386643123624
2021-03-11,1.1267137129692577,1.1073213638176629,1.1004086274259761
2021-03-12,1.140949722304858,1.108445736264938,1.100177930377963
2021-03-15,1.1486008082730883,1.11564167875175,1.106867541377888
2021-03-16,1.144606439793805,1.1138904741552187,1.1078231138932408
2021-03-17,1.1507343345866874,1.1170977904818697,1.1101628686966722
2021-03-18,1.147724307827645,1.1006088246217813,1.0944111075700902
2021-03-19,1.157115681960458,1.0999454833085878,1.09335667925779
2021-03-22,1.1636789798042986,1.1076727302074363,1.1021222619936057
2021-03-23,1.146192172745681,1.099220241119696,1.094938372008945
2021-03-24,1.1460339560437665,1.0932104347033613,1.0894681165919138
2021-03-25,1.1610738137043037,1.0989391480078772,1.0940156843823015
2021-03-26,1.1808430487979311,1.1172158276284343,1.1131286431704965
2021-03-29,1.1787616027410075,1.116246070117909,1.1134581960154568
2021-03-30,1.1828940824218137,1.1127211515155018,1.1082185370810298
2021-03-31,1.1758728068746422,1.1167519828181844,1.1120411288386687
2021-04-01,1.1813067579921084,1.129957800347579,1.125749702552661
2021-04-05,1.18477185664153,1.1462723869114928,1.1427536035854375
2021-04-06,1.1839207465300634,1.145156455492722,1.1410070841290982
2021-04-07,1.191082126823999,1.1468458278398028,1.14509325782346
2021-04-08,1.1876896952137157,1.1516862429901726,1.1491795320832308
2021-04-09,1.1928328709677187,1.1605771851764015,1.1598563604151613
2021-04-12,1.1940718424648962,1.1603496205380248,1.1585711344894392
2021-04-13,1.1965688047558571,1.1641723770567636,1.161767606011276
2021-04-14,1.1991396211688168,1.159413558515269,1.1566269034392052
2021-04-15,1.2092860588178784,1.1722763134308987,1.1708627415920518
2021-04-16,1.2163109174039506,1.1765068471152689,1.1747841891466382
2021-04-19,1.2096439819189269,1.1702636428294773,1.1696434865745673
2021-04-20,1.215015992873771,1.162303135313668,1.1613721828234875
2021-04-21,1.2234393707492268,1.1731195927663547,1.1715218472819724
2021-04-22,1.2148064879257088,1.1623143900183401,1.1601859132601213
2021-04-23,1.225407839237261,1.1750169712711314,1.1733672225352587
2021-04-26,1.2234441341003008,1.17711116985518,1.1752455832426638
2021-04-27,1.2179740589662043,1.1768582135050423,1.1761682708693073
2021-04-28,1.2177405703550386,1.1758631329090041,1.1760034441641227
2021-04-29,1.2250413402392963,1.1838152680225573,1.1848678826968855
2021-04-30,1.2106159135328403,1.1752980643829505,1.1754432948365583
2021-05-03,1.2311898333259683,1.1785278901189464,1.1786067809042768
2021-05-04,1.2248005592067261,1.1706572829880204,1.169511645323501
2021-05-05,1.2111594716028855,1.171480797964052,1.171521847281972
2021-05-06,1.2066799936571546,1.1810464734206432,1.1809464351422994
2021-05-07,1.2345161456154676,1.1897547325346893,1.189810873675062
2021-05-10,1.2444202711313366,1.1773388717460531,1.1769261317907662
2021-05-11,1.229712658895326,1.1671267370332772,1.1662163180047167
2021-05-12,1.2075818012363295,1.1420925680243967,1.1411718102688737
2021-05-13,1.2183146347164686,1.1559954223547542,1.154979239779813
2021-05-14,1.2316788959255942,1.173240512215336,1.1718512995615238
2021-05-17,1.2444028707050387,1.1702721524842299,1.1687207989479238
2021-05-18,1.2293082114368632,1.1603046017193355,1.1584722786924917
2021-05-19,1.2281818583419108,1.1568893478612363,1.1548145136400374
2021-05-20,1.232999242530105,1.169100016168345,1.167171991085479
2021-05-21,1.2318227236945183,1.1681835812525176,1.1659197506138756
2021-05-24,1.2299548685737396,1.1797617900580337,1.1778818048715283
2021-05-25,1.2104453751049047,1.1772544614610096,1.1752784681313742
2021-05-26,1.2183211062707726,1.1794639521417025,1.1776511078235152
2021-05-27,1.224283733236598,1.1808383986366993,1.1769261317907664
2021-05-28,1.2239533734182357,1.1817463238977741,1.1785079251073303
2021-06-01,1.2272420778931648,1.1811645105672077,1.1777499636204625
2021-06-02,1.2317315025065008,1.1828735786474653,1.1799907620615377
2021-06-03,1.2396525911225416,1.1785812813398928,1.1759375738212947
2021-06-04,1.2537123535708783,1.18899298118186,1.1869439549981855
2021-06-07,1.263947843017228,1.1880456644544317,1.1866473876073438
2021-06-08,1.261898753861571,1.1882536019858796,1.187339378185974
2021-06-09,1.2618146429197967,1.1860863850739565,1.185461017478569
2021-06-10,1.2724874112990696,1.191604347170856,1.1915573931314019
2021-06-11,1.275681113559896,1.193926110393281,1.193831177026596
2021-06-14,1.270922250881988,1.1960933273052041,1.1965992399065257
2021-06-15,1.2692815318002273,1.1936871537977358,1.1936004799785829
2021-06-16,1.2607765983848507,1.1872530312900011,1.1880643542187233
2021-06-17,1.2512382848451347,1.1867357266325573,1.1879654984217762
2021-06-18,1.2202964717456914,1.1711604506383757,1.1725762755942732
2021-06-21,1.2401682288827645,1.187559378861085,1.188591618657578
2021-06-22,1.2443595824690348,1.1936450172814626,1.1951164029523182
2021-06-23,1.2469783109752526,1.192351961516597,1.193963018277662
2021-06-24,1.2531670760836058,1.1992810165249268,1.2005536729152309
2021-06-25,1.2611846412406933,1.203275338663672,1.2037501444370677
2021-06-28,1.2564206381724388,1.2060608780700988,1.2067817892537205
2021-06-29,1.2569220865466737,1.2063953624028636,1.2083635825702843
2021-06-30,1.2626027343456234,1.207997648041229,1.2102748281663993
2021-07-01,1.2635717006988765,1.2143053610001433,1.2158439393803777
2021-07-02,1.2700958847055386,1.223412750372573,1.2268503205572685
2021-07-06,1.2557283589498753,1.220939185889566,1.2254993248541266
2021-07-07,1.2551926733874603,1.2250402904702034,1.2299479362821586
2021-07-08,1.2473680422131168,1.214552689997945,1.219864242731911
2021-07-09,1.2615236051287504,1.2282503518467744,1.2324524172253657
2021-07-12,1.2670685695671244,1.232489257933401,1.2371318262668194
2021-07-13,1.2613124738604444,1.2281548241095546,1.2338693838367447
2021-07-14,1.258288318969537,1.2295855441279135,1.2353523213563613
2021-07-15,1.2548884491279682,1.2255743399321597,1.2310354506139864
2021-07-16,1.254847674753891,1.2163349136585733,1.2218744446903822
2021-07-19,1.237723649094773,1.1970322716303767,1.2026297452165304
2021-07-20,1.2675551608566717,1.2151824044496171,1.2200290694370957
2021-07-21,1.2655801413316614,1.2251977190831216,1.229783210142383
2021-07-22,1.2696856735648414,1.2276685385162085,1.233111522915286
2021-07-23,1.2862790539588003,1.2401237907711984,1.2443156156860713
2021-07-26,1.282104575568007,1.2430780134952157,1.2479075103956971
2021-07-27,1.2814522740555656,1.237220076965711,1.2403941681314852
2021-07-28,1.2892712351341389,1.236989630024918,1.2393066537996573
2021-07-29,1.2897674415829832,1.2421925976434856,1.2463587025332523
2021-07-30,1.2756746685135294,1.235477244771436,1.238383966173014
2021-08-02,1.278329424797872,1.2332005003677005,1.2373624227494238
2021-08-03,1.2955316890717403,1.2433169700907605,1.2474791017537898
2021-08-04,1.2890206164543456,1.2375574436008914,1.2412179999611812
2021-08-05,1.282382039367481,1.2449895290070805,1.2478416400528687
2021-08-06,1.2790294621959575,1.2470752179363764,1.2492256212101291
2021-08-09,1.2702967205338942,1.2459030816204915,1.247676813347684
2021-08-10,1.2706528545161604,1.247139863861995,1.249258606664248
2021-08-11,1.280514238202829,1.248730894795688,1.252125525341125
2021-08-12,1.2851382230922659,1.2539086079549906,1.2566730931315129
2021-08-13,1.2847121283700893,1.2559240236063318,1.2593093147603769
2021-08-16,1.293166693966859,1.2592156129655303,1.2628023536730555
2021-08-17,1.300783102598088,1.250324670779301,1.2537402035463983
2021-08-18,1.2860768087225816,1.2368855926329454,1.2398339182385119
2021-08-19,1.2852692279211395,1.238439977150205,1.2414815818979041
2021-08-20,1.2952909411441818,1.248522820011744,1.2521585107952438
2021-08-23,1.3009398793423406,1.2591649667945044,1.2635933006140418
2021-08-24,1.2971750343403317,1.2610483455446888,1.2653398200703814
2021-08-25,1.2912232229283822,1.263848021958204,1.2675806185114566
2021-08-26,1.2821782283102554,1.2564862098299696,1.260133146590073
2021-08-27,1.2976827788342231,1.2675528785828742,1.2709089312843598
2021-08-30,1.3007087310935168,1.2730116848539956,1.2770052063717838
2021-08-31,1.3102293204368256,1.2712942443714819,1.2753905281665103
2021-09-01,1.3066996092057257,1.271690492327449,1.2754893839634573
2021-09-02,1.325257037790602,1.275305448567236,1.2788176967363607
2021-09-03,1.3199654806687422,1.2748781815471715,1.2786528700311761
2021-09-07,1.301873742826252,1.2705492378231653,1.2746655521337615
2021-09-08,1.305639325322814,1.268873933856925,1.2732815709765013
2021-09-09,1.2986252769168072,1.2630299970820127,1.2664931041796292
2021-09-10,1.2924193890296947,1.2532761484533985,1.2559481170987643
2021-09-13,1.3049799391785797,1.2561292160878599,1.2604297139809149
2021-09-14,1.2990096596090162,1.248910695565455,1.2530152275136501
2021-09-15,1.3182853492202018,1.259493961027429,1.26438414698962
2021-09-16,1.3144932703955783,1.25754030899929,1.262439915939386
2021-09-17,1.304971031986981,1.2460830196427544,1.2509391552123506
2021-09-20,1.2868678849680295,1.2249278806759747,1.2286298254677273
2021-09-21,1.284577967385747,1.2239328000799365,1.2275424117013083
2021-09-22,1.286950052745346,1.2355841644658236,1.2401304856293542
2021-09-23,1.296576508417058,1.250577627129439,1.2552561265201345
2021-09-24,1.2892798123753102,1.2524047323562613,1.2567719489284608
2021-09-27,1.2948493077882686,1.2489275776224638,1.2534436361555577
2021-09-28,1.2827132987850045,1.2234942783552,1.2280366906860443
2021-09-29,1.2954867205984388,1.2254141662693216,1.229387786954595
2021-09-30,1.2710863749066958,1.2108198338640894,1.214328116972052
2021-10-01,1.2754155304731087,1.2247339428991193,1.2293218160463575
2021-10-04,1.273842296066012,1.2088296726720131,1.2136690112821316
2021-10-05,1.2714115496134117,1.2215520182842292,1.2261913154327575
2021-10-06,1.2713966747661354,1.2265637931758615,1.2317933115354454
2021-10-07,1.2842099488072947,1.23674216377462,1.2435906396533225
2021-10-08,1.2877880531016543,1.2343753817335053,1.2419099905398117
2021-10-11,1.29715686406298,1.225900451862668,1.2341989366817052
2021-10-12,1.2900520362787065,1.2229377194838984,1.2308047535659739
2021-10-13,1.294143275153391,1.2266340664538165,1.2344625186184282
2021-10-14,1.3090073551192896,1.2475642485796434,1.2565082664263285
2021-10-15,1.3092269926746758,1.2568713403337604,1.2673499214634436
2021-10-18,1.2940738827979388,1.2611129914703072,1.2712383835639112
2021-10-19,1.3039021319281827,1.2704368280289369,1.28023466334774
2021-10-20,1.311297846122899,1.2750917464309555,1.2852106397800354
2021-10-21,1.3197325459179357,1.278911757899774,1.2894615396141726
2021-10-22,1.3204111694969514,1.2775400564546975,1.2887365635814236
2021-10-25,1.3185132484565028,1.2836060677681462,1.2951624920792169
2021-10-26,1.3194410649465602,1.28594196799766,1.3008634445442613
2021-10-27,1.305370613535212,1.2794459446142268,1.2977328433652524
2021-10-28,1.325260475300881,1.2920219790657013,1.3109800229832185
2021-10-29,1.3223062130186176,1.294540562367398,1.3141764945050558
2021-11-01,1.3409389249820496,1.2968708352445755,1.315593561681844
2021-11-02,1.3722155855205131,1.3016437907931586,1.3211296874417038
2021-11-03,1.4003759790153745,1.3100540747383773,1.330290693365308
2021-11-04,1.3910098738445302,1.3155326453689233,1.3391881173521896
2021-11-05,1.4051438717743612,1.320443265171,1.34403215196801
2021-11-08,1.395359288656294,1.3216155387393813,1.3453832482365606
2021-11-09,1.394553689317479,1.3169915021489638,1.340934636808529
2021-11-10,1.400046320627458,1.3061581626392682,1.3298292992692822
2021-11-11,1.4109515239081762,1.306877777475824,1.330554275302031
2021-11-12,1.415368121444767,1.3163169061310982,1.3389574203041765
2021-11-15,1.4051670813121695,1.3163027691240097,1.3376721943784544
2021-11-16,1.4019295994487646,1.3213905818984288,1.3443617048129703
2021-11-17,1.4107380141771124,1.3179528186309848,1.3418243389810536
2021-11-18,1.417690531326621,1.3224137992561482,1.349996786935186
2021-11-19,1.3999112757738221,1.3205641846199814,1.3488762871492397
2021-11-22,1.41589176361633,1.3163421605903631,1.3443946902670891
2021-11-23,1.4232150127830523,1.3185235145093748,1.3472286234898476
2021-11-24,1.4202371992739065,1.3215480105113468,1.350260368871909
2021-11-26,1.3943985017940939,1.2915160663654264,1.3180320717168141
2021-11-29,1.4044796513878264,1.3085643361467367,1.33678249220593
2021-11-30,1.361083088270402,1.2837522416763925,1.3143083357561223
2021-12-01,1.3533628599579048,1.2685844683428504,1.300731603293196
2021-12-02,1.3745846290252903,1.2865913095562616,1.3177355043259724
2021-12-03,1.3630955455871014,1.2757214608826284,1.3051143443783992
2021-12-06,1.3772975286983185,1.2906867867845628,1.3191524709373519
2021-12-07,1.3956090303615458,1.3174131418166923,1.3471957386011382
2021-12-08,1.3978757533089614,1.3214777372333921,1.351018330358777
2021-12-09,1.3963974902834078,1.311988099659588,1.3412640890880807
2021-12-10,1.3943172648195785,1.3245163702424527,1.3548738070051258
2021-12-13,1.3882526013656242,1.3124153666796525,1.3399789637277675
2021-12-14,1.3886202004945294,1.3026107346275164,1.328807755845692
2021-12-15,1.4028302628365927,1.3239064201502055,1.3519410179854203
2021-12-16,1.401822123091364,1.3123309563946095,1.3382653291601379
2021-12-17,1.4101890464458489,1.2988301146250514,1.3237000387277396
2021-12-20,1.4065005407661813,1.284038962140548,1.3089040512473284
2021-12-21,1.4222122807016022,1.3068665227711513,1.3320042273675292
2021-12-22,1.4278027886920035,1.3201706817139338,1.3468991712102965
2021-12-23,1.437423245795984,1.3283870278822971,1.3555987830378748
2021-12-27,1.456909186429753,1.3467704899447464,1.3749094534199642
2021-12-28,1.454095293730125,1.345410043204342,1.3729981072584403
2021-12-29,1.4614115508772711,1.3472961670044465,1.3745469151208853
2021-12-30,1.4597820740150589,1.343268080751684,1.3695050683457617
2021-12-31,1.4567084666141672,1.3397404170993565,1.3661438706841487
2022-01-03,1.4528737475572404,1.3482799928958122,1.3774798047059997
2022-01-04,1.4543520880947152,1.3474310862080197,1.3746128860291227
2022-01-05,1.4469532905408813,1.321300681513545,1.3477558879287026
2022-01-06,1.4423532144085613,1.3200272528556085,1.3441969786731953
2022-01-07,1.44417468782411,1.3146808563787151,1.3387925935989926
2022-01-10,1.4527672665127964,1.3127863601763545,1.3382324442714282
2022-01-11,1.4636823402149832,1.3248114631088639,1.3508535036535927
2022-01-12,1.4600247469308087,1.3285444564952154,1.3557306242889409
2022-01-13,1.4599231383233222,1.3096211803659772,1.3350029872954723
2022-01-14,1.462081211877392,1.3106950438947225,1.336485924815089
2022-01-18,1.441721268148734,1.2865940546061816,1.3131220661927565
2022-01-19,1.4187883614705479,1.2741275476465193,1.3001054830573946
2022-01-20,1.4068253689924728,1.2600645196533236,1.2861662122953894
2022-01-21,1.3907936974989035,1.236230623722009,1.2638568825507661
2022-01-24,1.4020324693570132,1.239657132284781,1.2659659403061845
2022-01-25,1.3921976852848574,1.224568141883946,1.2497199001948665
2022-01-26,1.382418058346942,1.2227354093047875,1.250148308836774
2022-01-27,1.4084312139201618,1.216152093333895,1.242634966572562
2022-01-28,1.438619136485755,1.2457625350645833,1.2748632637276571
2022-01-31,1.4477469077442096,1.269289946172318,1.2978646846163195
2022-02-01,1.4525189339514426,1.2780010875887802,1.305806435522439
2022-02-02,1.4461819334042127,1.290043072578298,1.3209319758478104
2022-02-03,1.4483575063697578,1.258577526111603,1.293976222515852
2022-02-04,1.4412104052596304,1.2650679221427,1.3023792669525884
2022-02-07,1.4477825812154712,1.2603850042314964,1.2977328433652533
2022-02-08,1.4578855294367947,1.2709737597933106,1.309002907044276
2022-02-09,1.4662436772706051,1.2894247500837945,1.3265339719504983
2022-02-10,1.4403493787771224,1.2660658850411544,1.3019508583106811
2022-02-11,1.4331373267310894,1.2420493060376567,1.2756212252145245
2022-02-14,1.4283528459705017,1.2372790955389938,1.2726224652865816
2022-02-15,1.4462192481904095,1.2567869300487182,1.2936466696708915
2022-02-16,1.4593353828113675,1.2578944204389846,1.2955579152670065
2022-02-17,1.4359273726316737,1.2312608480941547,1.2676136039655765
2022-02-18,1.4265128289538687,1.22243743413596,1.2576946365551047
2022-02-22,1.415996345314229,1.2100383181518364,1.2447440243279801
2022-02-23,1.410268289413553,1.1877589439902774,1.2209187716096215
2022-02-24,1.4158229878965118,1.2055240835582228,1.2393396392537774
2022-02-25,1.4477502670037987,1.2324948852857378,1.2653727049590924
2022-02-28,1.4499563872042442,1.2294843890383582,1.2620444927515984
2022-03-01,1.4394394954235445,1.2104599578195643,1.2425361107756148
2022-03-02,1.4727524207976632,1.2330261896977743,1.265669272349934
2022-03-03,1.4862223886406623,1.2265470483713499,1.2588150357756425
2022-03-04,1.5056502092953403,1.2168155718995843,1.247742784255923
2022-03-07,1.48327800686506,1.1808974172099822,1.2104066694174667
2022-03-08,1.4716700742857987,1.1723550963636065,1.2019706395266114
2022-03-09,1.4833231358911605,1.2024825682467466,1.233408090306129
2022-03-10,1.485627799119429,1.1973217371444524,1.2279708203432165
2022-03-11,1.4785830778869595,1.181802597421137,1.2120213476227402
2022-03-14,1.475946095599105,1.1730324374313925,1.2014103896336379
2022-03-15,1.4995376359510195,1.1981453893729799,1.227805993638032
2022-03-16,1.5003261510048291,1.224964389839913,1.256079958349831
2022-03-17,1.520061590747996,1.2400900266571813,1.2711725132210836
2022-03-18,1.5347710450457348,1.2545523221612562,1.2869571592363755
2022-03-21,1.5399503469932256,1.2540070179946272,1.2873855678782828
2022-03-22,1.5383231471226553,1.2681824557820511,1.3024451372954169
2022-03-23,1.5279251634523165,1.2526184344925422,1.2872867120813358
2022-03-24,1.5450989294731095,1.2705858842395994,1.3062018587102275
2022-03-25,1.5533062939540636,1.2770228890497504,1.3122982343630607
2022-03-28,1.553219366500891,1.2861471604791885,1.3230409330378197
2022-03-29,1.5671757892237805,1.3019108841503853,1.3387597087102832
2022-03-30,1.5548885795643252,1.2937170473913668,1.3302248230224807
2022-03-31,1.5439552263662868,1.273467088635742,1.3081460897604615
2022-04-01,1.5541787885036338,1.2778098948618446,1.3118698257211532
2022-04-04,1.5517341912329659,1.2881485763759375,1.3242273031665948
2022-04-05,1.5397218777941528,1.2719800950940212,1.3059381762080962
2022-04-06,1.5489671837965175,1.259620370576251,1.2906808951970679
2022-04-07,1.5702682068259162,1.2649780217578166,1.2965135883477688
2022-04-08,1.5895418828323429,1.2616245315229198,1.2921637321512751
2022-04-11,1.5764263896162198,1.240331728302647,1.2680419120420752
2022-04-12,1.5860221156162344,1.2360929594685164,1.2635933006140434
2022-04-13,1.594874099292802,1.2499057761614945,1.279048393784375
2022-04-14,1.5810827738798516,1.2347267481232802,1.2620773776403083
2022-04-18,1.5774477364587425,1.2344737917731425,1.2627694687843474
2022-04-19,1.590178245418872,1.2542964835087032,1.282080038601028
2022-04-20,1.6021326048899973,1.2535207324012814,1.283266408729803
2022-04-21,1.5822579493356081,1.2350276055945237,1.2653068346162644
2022-04-22,1.5406729821797922,1.2007678728141533,1.2296513688913189
2022-04-25,1.5387124887904615,1.2076097724875199,1.236802273421861
2022-04-26,1.5253601004711383,1.1736200153667917,1.199663870177299
2022-04-27,1.5222340721575076,1.1760823251451265,1.2040467118279115
2022-04-28,1.5215319368728715,1.205186716923043,1.2340342105419315
2022-04-29,1.4776088709891435,1.1614571109282934,1.1872405223890292
2022-05-02,1.480970527407273,1.1680486620489463,1.1930732155397303
2022-05-03,1.4801339786535843,1.173698661047003,1.1988071534588935
2022-05-04,1.532726000593538,1.2087481446893877,1.234330777932773
2022-05-05,1.4991515353199685,1.1656566255485663,1.1907005758475895
2022-05-06,1.5182533194053076,1.1590424277660725,1.1854940029326901
2022-05-09,1.4886871651459606,1.1219100688705597,1.147268185921709
2022-05-10,1.4912875396344116,1.1246676087678016,1.1511566480221764
2022-05-11,1.481026479133991,1.106151972551699,1.132801751286258
2022-05-12,1.482729725276827,1.104718438857172,1.1291768711225134
2022-05-13,1.504519908125437,1.1310877315209438,1.1564951627535507
2022-05-16,1.5107604645180075,1.1266240058458605,1.152870282589806
2022-05-17,1.5320644537304744,1.1493475977107406,1.1762341412121384
2022-05-18,1.5000112601761129,1.1029194017657828,1.1282211980417516
2022-05-19,1.4940857332371318,1.0964852106318,1.1201147209958564
2022-05-20,1.5089774482819758,1.096645452920886,1.1217623846552485
2022-05-23,1.5167473069694373,1.1169937530898988,1.1447966904326206
2022-05-24,1.5215449445075055,1.1079228728814068,1.1358333961029106
2022-05-25,1.5444723349082727,1.1183935912966563,1.1453898252143035
2022-05-26,1.5561405675599593,1.1406308975681896,1.1667435824435735
2022-05-27,1.5691278196604759,1.1688526871705445,1.1954129703431615
2022-05-31,1.5486395929697365,1.161518874551495,1.1898108736750646
2022-06-01,1.5314577087218488,1.1528274974944577,1.1828577813038257
2022-06-02,1.5350472952379672,1.1740752818960407,1.2025637743082946
2022-06-03,1.5270733336283648,1.1548823046121524,1.1834839015396275
2022-06-06,1.522098712834324,1.1585056332541956,1.186976940452306
2022-06-07,1.5407893289778198,1.169538537893083,1.198444615159814
2022-06-08,1.5189432644346155,1.1569146023205026,1.1860212673715438
2022-06-09,1.4906377806122557,1.129381545743102,1.157022326626996
2022-06-10,1.474217003424762,1.0965049063649766,1.1220919375002083
2022-06-13,1.4309578470632183,1.0539951319284735,1.0793844230416678
2022-06-14,1.4141709502950333,1.050017691846737,1.0763527782250153
2022-06-15,1.4311152957131545,1.065340080117029,1.0920714533320695
2022-06-16,1.4040824766914355,1.0307037951138678,1.0579647954695692
2022-06-17,1.4001488398646302,1.0329722357415947,1.0601727090219346
2022-06-21,1.434041623784115,1.058256547424445,1.0877545825896946
2022-06-22,1.44661120268885,1.0568791500007841,1.0864694572293814
2022-06-23,1.4716608740498556,1.0669535518338187,1.0972121559041406
2022-06-24,1.507793810576566,1.099563166480966,1.1298029913583145
2022-06-27,1.5102539795671537,1.0962940865311124,1.1261122408517414
2022-06-28,1.4899710374111894,1.074211395196329,1.1039676372468938
2022-06-29,1.4949295252349755,1.0734468301673317,1.1045607720285768
2022-06-30,1.4828006401720333,1.0640442106759949,1.0927964293648182
2022-07-01,1.4899652350322155,1.0752739353941538,1.1039346517927748
2022-07-05,1.4756262368918962,1.076977307495827,1.1067027146727046
2022-07-06,1.4738296526898074,1.0808255243525748,1.111184412120264
2022-07-07,1.4959081068978284,1.0969996329868275,1.1281553276989218
2022-07-08,1.507410247355045,1.0960888254233365,1.1268372168844898
2022-07-11,1.5021459894276363,1.0834537037723317,1.1145785952359952
2022-07-12,1.488175440019259,1.0734383891388275,1.1034403728080386
2022-07-13,1.483225709424401,1.068654178885572,1.0979701173910077
2022-07-14,1.4781132153232097,1.065449676235089,1.0950043429171834
2022-07-15,1.5000754858343681,1.08590764114841,1.116423970489282
2022-07-18,1.4883863658007448,1.0768255748614937,1.106406147281863
2022-07-19,1.518436987155736,1.106576425895595,1.1376129010133675
2022-07-20,1.5150189827099039,1.1131005860407093,1.1436762912120817
2022-07-21,1.5129682286581208,1.1240772857824823,1.1526395855417915
2022-07-22,1.5041691114450653,1.113586871634056,1.1407105167382572
2022-07-25,1.52099245259902,1.1150514243926801,1.1420944978955176
2022-07-26,1.524422463582195,1.1021801598222982,1.1287154770264858
2022-07-27,1.542554994888866,1.1310090858407322,1.1593620814304262
2022-07-28,1.5671720820987936,1.144732002148827,1.172741102299458
2022-07-29,1.5679394148410286,1.160996079794211,1.189349580144446
2022-08-01,1.5702569282752614,1.1577184901896054,1.1848020123540581
2022-08-02,1.5438051610742642,1.1500053116715974,1.1755421506335066
2022-08-03,1.5437810271687902,1.1679896434756636,1.1948857059043057
2022-08-04,1.5431289348911525,1.1670817182145885,1.1945891385134644
2022-08-05,1.5521235808760252,1.1651843397098118,1.1943254560113326
2022-08-08,1.5602321350506734,1.1637423649867804,1.191392666991627
2022-08-09,1.5679247835725798,1.1587979810706868,1.1876030606881067
2022-08-10,1.6018070183776076,1.1834695289851214,1.212977020703501
2022-08-11,1.6022304885372933,1.1826346220519213,1.2130100061576197
2022-08-12,1.6243368196207784,1.2031206551006752,1.234100080884758
2022-08-15,1.6408081567963286,1.2078964929516744,1.2381203842362916
2022-08-16,1.6552357011528964,1.2101621199032333,1.2405260093825514
2022-08-17,1.6445109809837346,1.2014032146181612,1.2319910231293398
2022-08-18,1.6501420971841798,1.204129872703802,1.2347591865746785
2022-08-19,1.6489849595677513,1.1885965959733977,1.2189086702165581
2022-08-22,1.6342135903006214,1.1631605516562138,1.1928096336030058
2022-08-23,1.6156549797197646,1.160557558069474,1.1896131620811687
2022-08-24,1.6194417214436738,1.163941930115972,1.1924142104152171
2022-08-25,1.6331379727533362,1.1803437406410973,1.2092203998540996
2022-08-26,1.5908682117182158,1.1405802513971637,1.1674026881334927
2022-08-29,1.5994611226319764,1.1329767376234638,1.1593290959763074
2022-08-30,1.5838963855488912,1.1204820939021205,1.1466420656859055
2022-08-31,1.586489912644353,1.1117232572432965,1.1369537953234468
2022-09-01,1.5833126047988564,1.1150542380688482,1.1399855407055084
2022-09-02,1.5761736849056625,1.1030824577310367,1.1281882125876315
2022-09-06,1.5688344488843664,1.0985652722087595,1.122388504891049
2022-09-07,1.5958502127983265,1.1187140758748286,1.1416661898190195
2022-09-08,1.5928262494893688,1.1261095834908323,1.1482238590024696
2022-09-09,1.6021807878449719,1.1433069094828041,1.1660186064108238
2022-09-12,1.6189729380766218,1.1554079816718523,1.1798590213758817
2022-09-13,1.5556649734742443,1.1054520534483196,1.1281882125876317
2022-09-14,1.5497804274696418,1.109196232913095,1.1312529434238119
2022-09-15,1.5335744368398947,1.0966426392447173,1.1171159610679124
2022-09-16,1.5391000790254776,1.0887664047614551,1.108218537081031
2022-09-19,1.5390391415425482,1.0962321856554136,1.1155341677513488
2022-09-20,1.5184501181054015,1.0838753434400596,1.1030449496202503
2022-09-21,1.5139720603916798,1.0653231980600197,1.0838002501463986
2022-09-22,1.5090957815309771,1.0563451005388271,1.0765504898189096
2022-09-23,1.474036797394287,1.0381415078723926,1.0584591750197139
2022-09-26,1.4570850070394576,1.0274065784023327,1.0482106547642815
2022-09-27,1.4528712395563632,1.0252281067857372,1.0455744331354178
2022-09-28,1.4871523338736514,1.0453965375587349,1.0648191326092695
2022-09-29,1.4568207769762915,1.0233110325477837,1.0434653753799994
2022-09-30,1.439523753842149,1.007893116540272,1.0263626185502754
2022-10-03,1.4666252681408758,1.0339813160922249,1.0561524056704013
2022-10-04,1.5076296971381125,1.0656042911718384,1.0890068230612981
2022-10-05,1.4945556836043248,1.0634539563169239,1.0888420969215225
2022-10-06,1.4746442268882127,1.052558784557778,1.07793447097617
2022-10-07,1.4507791888633428,1.023083330656911,1.0468595584957312
2022-10-10,1.4426705745902617,1.0154179160075127,1.0384235286048757
2022-10-11,1.4587333874532573,1.0087982281251788,1.03206357101532
2022-10-12,1.4377135721602707,1.0054785020042993,1.0304159073559278
2022-10-13,1.4714713040466254,1.031586397289429,1.0583932041114765
2022-10-14,1.4526823270275881,1.0071763153798845,1.034337354910514
2022-10-17,1.4859395746024466,1.033846396888652,1.0617873872272081
2022-10-18,1.5015521003928476,1.0456607486135452,1.0734528740940195
2022-10-19,1.4943027949742342,1.0386839983628535,1.0655441086420188
2022-10-20,1.4966975869123116,1.0304255156782167,1.0595795742402514
2022-10-21,1.5375809665612974,1.0548721753779466,1.0856126399455663
2022-10-24,1.5540871208490983,1.0674061419393956,1.0992223578626115
2022-10-25,1.5819615183757794,1.084769268946542,1.1158307351421906
2022-10-26,1.5789460789515475,1.0767553015835383,1.1039016663386563
2022-10-27,1.5959734110441541,1.070205818352911,1.0968497181704702
2022-10-28,1.6527147222511729,1.0965611112620903,1.1241680098015074
2022-10-31,1.6391325468649895,1.0883869016100007,1.1159296915045465
2022-11-01,1.646560779860993,1.0839231759349175,1.1087129166311758
2022-11-02,1.631459774342358,1.0568229451036697,1.081921889438993
2022-11-03,1.6461638494794242,1.0456354255280325,1.069762123587446
2022-11-04,1.6776221883196758,1.0598756464935708,1.0869966211028268
2022-11-07,1.677844379475466,1.0700652717970016,1.0987609637665852
2022-11-08,1.6945556910282336,1.0760553824801593,1.1049232097622468
2022-11-09,1.6923711947631042,1.0536972253858934,1.0807026344215085
2022-11-10,1.7020730663437087,1.1121083877470868,1.1411389253801651
2022-11-11,1.6971268178201757,1.1223850997592328,1.153924811467514
2022-11-14,1.7054393913281332,1.112355716744888,1.143577435415135
2022-11-15,1.698714076785594,1.1220478017503002,1.1516180421182016
2022-11-16,1.711848230925996,1.1127886111172889,1.1426877332426104
2022-11-17,1.7197918331330035,1.109350847849845,1.1407435021923766
2022-11-18,1.7327213547403097,1.1146297847249513,1.1457193780592632
2022-11-21,1.7318443857399195,1.1103009096271932,1.1411389253801654
2022-11-22,1.7619990805960897,1.1253787825758517,1.1570223266269954
2022-11-23,1.7721959460354173,1.132035048248371,1.1630528319369997
2022-11-25,1.7836632419358782,1.1317146322964469,1.1617347211225677
2022-11-28,1.7565506586792479,1.114236213192656,1.1430501709762801
2022-11-29,1.766205560943907,1.1124624991867802,1.1405786754871918
2022-11-30,1.796226508099783,1.146890846658493,1.1768272759938203
2022-12-01,1.7981220481904328,1.1458957660624547,1.175278468131375
2022-12-02,1.808832115744367,1.1445268096672983,1.1731035400331282
2022-12-05,1.7797002837607219,1.1240464039708804,1.152738441338739
2022-12-06,1.7553858919636298,1.1078610406319556,1.1359322518998567
2022-12-07,1.7571702178957314,1.1057977924857563,1.1337903092557287
2022-12-08,1.7666788652981875,1.1141153623699231,1.142457036194597
2022-12-09,1.7413918989545487,1.105927084336993,1.1325051838954154
2022-12-12,1.7604385782616752,1.1217189447698708,1.1506623690374396
2022-12-13,1.7576811198782456,1.1298958994718806,1.1598563604151624
2022-12-14,1.756170354529175,1.1230569507271781,1.1524418739478977
2022-12-15,1.7380847190170758,1.095068490368032,1.1227509426247193
2022-12-16,1.729216840380751,1.082871890441764,1.1098662007404232
2022-12-19,1.727375946035439,1.0731179045606538,1.099387084002387
2022-12-20,1.7259582849238402,1.0742310909295045,1.1015949975547523
2022-12-21,1.7457749138285221,1.0902027521321493,1.1182033748343312
2022-12-22,1.742986786415113,1.074447469489457,1.1024188293844486
2022-12-23,1.7497700893806016,1.080752437398451,1.108811772428123
2022-12-27,1.7506792252970007,1.076375798432083,1.104396045888801
2022-12-28,1.7351696754319779,1.0634370742599144,1.090193092624664
2022-12-29,1.7411321522782104,1.0820061016969629,1.1088776427709515
2022-12-30,1.7390444694652833,1.0792570028282253,1.1061425653451402
2023-01-03,1.733716618486597,1.0749393824351399,1.1018915649455938
2023-01-04,1.728877085293327,1.0830433188092747,1.1076254022993477
2023-01-05,1.7113220037944603,1.0704307065676149,1.0947736458691704
2023-01-06,1.7544986003594258,1.094880179943513,1.1202465622469213
2023-01-09,1.740740089830162,1.0940397142842246,1.1197851681508952
2023-01-10,1.7486200736392281,1.1016741784957735,1.1279905009937374
2023-01-11,1.7619866596088816,1.1158300578025164,1.1439728586029236
2023-01-12,1.7670308333652094,1.1196416282428308,1.147993161954457
2023-01-13,1.7653018432648981,1.1241166772488342,1.1542542637470656
2023-01-17,1.7458385470300295,1.1218341682402666,1.1510577922252283
2023-01-18,1.7305421511449888,1.1043755134959006,1.1335925976618346
2023-01-19,1.7253975822087453,1.095939906465169,1.1256178613015966
2023-01-20,1.7223800450262556,1.1166733371379727,1.1475977387666685
2023-01-23,1.731265622760606,1.1299409182905695,1.1611086008867664
2023-01-24,1.7414164925194344,1.1291369617952185,1.1598893458692814
2023-01-25,1.7432849269061172,1.1289317693136907,1.159922230757991
2023-01-26,1.7702876662680138,1.1413588848069993,1.172246823314723
2023-01-27,1.7599551738594992,1.1442063937153726,1.1748171746007585
2023-01-30,1.7549754182869703,1.1293674773622595,1.1598563604151626
2023-01-31,1.7847643852037633,1.145904207090958,1.1766295643999263
2023-02-01,1.7818679203690928,1.1578815461548575,1.1870098253410155
2023-02-02,1.775146697969482,1.1749016791744864,1.2032558654523335
2023-02-03,1.7693597421373366,1.1627360296860676,1.1907994316445358
2023-02-06,1.7586587624264698,1.1555962920963696,1.1823305168649707
2023-02-07,1.7756801239522675,1.1704717176134203,1.1987082976619456
2023-02-08,1.7751827060172811,1.1575020430034026,1.1850326088366632
2023-02-09,1.7468195317471444,1.1472815358883706,1.1735979195832738
2023-02-10,1.7716943610133682,1.1498001191900673,1.1773215549785567
2023-02-13,1.7801115453361105,1.1629637315769403,1.1918539605222451
2023-02-14,1.7734907669542512,1.1626376196464316,1.1905688351619317
2023-02-15,1.7802346573302417,1.1658618180300915,1.1930073451969014
2023-02-16,1.7831579018049788,1.1497860508092268,1.1771238433846627
2023-02-17,1.7840220372312396,1.1466041261943367,1.1723126936575519
2023-02-21,1.7649515296972926,1.1236247643031512,1.1496408256138497
2023-02-22,1.7618025289707016,1.1218566776496113,1.147696594563616
2023-02-23,1.7811584650639862,1.1278355336280965,1.1550122252339339
2023-02-24,1.7728319192106947,1.1159509086252486,1.1423581803976506
2023-02-27,1.7663548197221222,1.1193802308641883,1.1452580845286464
2023-02-28,1.7503201336766874,1.1159817904368496,1.1416002189107832
2023-03-01,1.7459062042979896,1.1107084809140793,1.1361629489478706
2023-03-02,1.7488959313884376,1.1191300881902184,1.1461477867011711
2023-03-03,1.7654226638880612,1.1372015067029997,1.1642720869544851
2023-03-06,1.7624733202102592,1.1379829537890056,1.165985620956706
2023-03-07,1.7363576217373065,1.1205411811016486,1.1477954503605634
2023-03-08,1.7487772263002228,1.1221265160567575,1.1497067965220875
2023-03-09,1.7294357346436369,1.1014127811171308,1.129209856576632
2023-03-10,1.706382459814368,1.0854663743737512,1.1123376962295124
2023-03-13,1.7088641914123843,1.083827579571448,1.1115138643998164
2023-03-14,1.7346019937109782,1.1016854332004453,1.130033688406328
2023-03-15,1.7368912213119512,1.0939946954655342,1.123937312753495
2023-03-16,1.7556218658662293,1.1132074371088474,1.1455216664653693
2023-03-17,1.7324356787193682,1.1009404952783766,1.1354379729151218
2023-03-20,1.7554751045297516,1.1107591270851056,1.1439399737142144
2023-03-21,1.764538122955586,1.1251792174466588,1.159164369836533
2023-03-22,1.7312461407662678,1.106655140202052,1.141863901412915
2023-03-23,1.7285426807550586,1.1099579842659224,1.1455216664653693
2023-03-24,1.7667734458644921,1.1162179333562268,1.151618042118202
2023-03-27,1.77650199337783,1.1180562932877212,1.1528372971356868
2023-03-28,1.7904520422173555,1.1162966476626857,1.1508271957426246
2023-03-29,1.807398112817921,1.1321896631851194,1.167501543930441
2023-03-30,1.8158362970152904,1.1386604321092875,1.1742899101619044
2023-03-31,1.8332325847508666,1.1550987517983502,1.190239282316972
2023-04-03,1.8462704499161406,1.159371284746498,1.1964015283126335
2023-04-04,1.8401452285323063,1.1526504417746084,1.1893824650331573
2023-04-05,1.8647171505544637,1.1497776097807222,1.1867462434042932
2023-04-06,1.8565373776705767,1.1538928513684483,1.1921505279130873
2023-04-10,1.8685181924792955,1.1550424782749884,1.191821075633536
2023-04-11,1.8671200753183461,1.1549947144063788,1.1898767440178932
2023-04-12,1.8682040332448206,1.1502189451816276,1.1852962913387957
2023-04-13,1.8795949374233853,1.1654739424763807,1.2019706395266119
2023-04-14,1.8696386467246302,1.1630621416165763,1.2006854136008898
2023-04-17,1.865781325378711,1.16690740754466,1.2027944713563081
2023-04-18,1.8617435205720734,1.1679053704431142,1.2040796972820302
2023-04-19,1.8555206263332173,1.1678069604034782,1.2045080053585286
2023-04-20,1.8546388434253203,1.1608555332382995,1.1984117302711046
2023-04-21,1.8603029617538105,1.1619040050552838,1.199400288240576
2023-04-24,1.8751604427149153,1.1628934582989856,1.1996968556314176
2023-04-25,1.8709046465856938,1.1445071139341203,1.1803203149064998
2023-04-26,1.8436408178308554,1.1401108478608235,1.1797271801248168
2023-04-27,1.8640252365623164,1.1624184274103113,1.202530889419585
2023-04-28,1.8645065078846321,1.1720121023760874,1.2120873185309782
2023-05-01,1.8505285419568198,1.171559580896758,1.2117907511401367
2023-05-02,1.8297536753246149,1.1579855835468291,1.1985434709567617
2023-05-03,1.8135721544509935,1.1498816471726943,1.1899427149261308
2023-05-04,1.8082301963303653,1.141580959345536,1.1820668343628398
2023-05-05,1.8409212802846058,1.162671383760449,1.2063204957231057
2023-05-08,1.826661746935099,1.1631970608201492,1.2074079094895247
2023-05-09,1.855279034637836,1.1578702914501848,1.201278648947982
2023-05-10,1.8521513482554213,1.163062141616576,1.2080010442712077
2023-05-11,1.8590648160519432,1.1610888624815086,1.2065182073170002
2023-05-12,1.8595746309565693,1.1592505025500137,1.203684173528833
2023-05-15,1.8684352418159587,1.1626797561627054,1.207045471755855
2023-05-16,1.8575027212751858,1.1552645528135248,1.2001911346161545
2023-05-17,1.8646621192750419,1.1690016061287078,1.2145916989087766
2023-05-18,1.8610039470716933,1.1800428831698513,1.2263231566838253
2023-05-19,1.8538849772062032,1.17833669739201,1.2240822576773411
2023-05-22,1.8493274412949372,1.178519380464193,1.2244447959764202
2023-05-23,1.8407347754026375,1.1652940044541176,1.2105713955572432
2023-05-24,1.8379437721465552,1.1567656833623343,1.2014433750877576
2023-05-25,1.8358833202224498,1.166896152839987,1.2138667228760276
2023-05-26,1.8364353457924807,1.1821230819993072,1.2299809217362794
2023-05-30,1.8229822747300166,1.182142709106236,1.2302445036730023
2023-05-31,1.8391592069572678,1.1749214435339108,1.2218084737821469
2023-06-01,1.8374647367548453,1.1864996523394271,1.235418191699192
2023-06-02,1.8629373376826004,1.203744742200009,1.2529823426249418
2023-06-05,1.8646786930068409,1.2013329413402045,1.2509062703236422
2023-06-06,1.86064173032714,1.204160754515401,1.2533447803586117
2023-06-07,1.8706136399815323,1.1995704820390007,1.2461609909393598
2023-06-08,1.8971951016344613,1.2069941950429333,1.2548935882210568
2023-06-09,1.9023441681404605,1.2083798962426024,1.2571673721162508
2023-06-12,1.9152463677968106,1.2196433850747788,1.268734003186115
2023-06-13,1.917305017922275,1.2280985505861912,1.277895009109719
2023-06-14,1.909682749017908,1.2291048858869018,1.2788505816250721
2023-06-15,1.925746254186441,1.2440730940912519,1.2939432370617336
2023-06-16,1.9258992114925078,1.2395053310241968,1.2890332315376758
2023-06-20,1.9251403985707267,1.2336361397900195,1.2834641203236976
2023-06-21,1.9243877906119564,1.2271653708658514,1.2749951049787236
2023-06-22,1.9263016293330764,1.231719134178314,1.281981182804081
2023-06-23,1.9052728976956252,1.2222856328753762,1.27133723936086
2023-06-26,1.919659429307693,1.2168014348924936,1.264054594144661
2023-06-27,1.9302829002594208,1.2307409356392844,1.2784551584372834
2023-06-28,1.927571263567911,1.230305158964468,1.2783563026403364
2023-06-29,1.9427019107541719,1.2358089840542792,1.2826402884940016
2023-06-30,1.9592033815087448,1.250971130035485,1.299215780884871
2023-07-03,1.952436398623314,1.2524356141678612,1.3013907089831178
2023-07-05,1.9448047755624402,1.2499704220871108,1.298391949055175
2023-07-06,1.932759317723079,1.2400675172478348,1.2887695490355444
2023-07-07,1.9225315936402525,1.2365145991362425,1.2850458130748528
2023-07-10,1.9329033857668663,1.2394884489671882,1.2852106397800371
2023-07-11,1.9484231372248833,1.247845341691461,1.293086419777919
2023-07-12,1.9460732138087558,1.257093414872296,1.3029395168455626
2023-07-13,1.9541611960727538,1.2677411890073926,1.3159889848696344
2023-07-14,1.9351101028642936,1.2664425058901907,1.3157912732757402
2023-07-17,1.933172060907719,1.2713251261830822,1.3205035672059038
2023-07-18,1.938416930428953,1.2803734969822296,1.332300794758372
2023-07-19,1.9452821966771379,1.2833925028843614,1.3363210981099054
2023-07-20,1.9641298682460673,1.2747207529342526,1.3247215821513314
2023-07-21,1.9660812145782516,1.2751338829472283,1.3248204379482786
2023-07-24,1.9575660665476369,1.2802779692450097,1.3311475106491246
2023-07-25,1.952889096372824,1.2838815335276281,1.3352336843434862
2023-07-26,1.9400480668566067,1.2836819683984364,1.3343768670596716
2023-07-27,1.9575167220924674,1.275434740418472,1.3253147169330144
2023-07-28,1.9620958582920258,1.2880332842792916,1.3397812521338741
2023-07-31,1.9697201336339054,1.289925035431732,1.343175435249606
2023-08-01,2.001254287991379,1.2864872721642882,1.3383313000683763
2023-08-02,2.0119003195211644,1.268682878382485,1.3187570477495643
2023-08-03,2.0460613925001283,1.265450307596569,1.3150333117888724
2023-08-04,2.02916664839187,1.2587433271267758,1.3086073832910792
2023-08-07,2.0573292069012794,1.2701023436961716,1.3189547593434585
2023-08-08,2.0553218622239555,1.264744692514606,1.3135503742692556
2023-08-09,2.073184785232282,1.2558424956237044,1.303466680719008
2023-08-10,2.0713952988253888,1.2561573528495407,1.3040928009548096
2023-08-11,2.078013892221915,1.254813650913649,1.3022804111556419
2023-08-14,2.073983234008245,1.2620294263861338,1.3106505707036689
2023-08-15,2.054134845376442,1.2474518387854145,1.2956238861752447
2023-08-16,2.036437146349092,1.2380268471372289,1.2861003419525616
2023-08-17,2.0022858194073065,1.2284780537376465,1.2766757540922344
2023-08-18,2.0058511940130597,1.2282953706654636,1.2759836629481953
2023-08-21,2.010595051661091,1.2367450460770355,1.286429894797522
2023-08-22,2.00366900853974,1.2333100278595117,1.2828708849766055
2023-08-23,2.023370967407546,1.2469317890780505,1.2980623962102142
2023-08-24,2.006478717109229,1.2301506126539665,1.2798722256140718
2023-08-25,2.0216441479228084,1.2384147226909394,1.2886048228957687
2023-08-28,2.0310055833345713,1.2461729200276372,1.296348862207994
2023-08-29,2.0448249539828973,1.2642527795689227,1.3163844080574232
2023-08-30,2.048499905492586,1.2690988906978764,1.3217228222233883
2023-08-31,2.036172561942668,1.2670722203418627,1.3196797353762073
2023-09-01,2.039479013544978,1.2693518470480143,1.3223819279133087
2023-09-05,2.00206049942992,1.2640279599804662,1.3175377927320793
2023-09-06,2.0126982274844547,1.2552156634744482,1.3064984261010697
2023-09-07,2.027701079929535,1.2511848321717653,1.3018849879678533
2023-09-08,2.0376937584695556,1.2529698008823138,1.3043234980028229
2023-09-11,2.0464198566731127,1.261394084582125,1.3138140567713874
2023-09-12,2.0361486960295556,1.2542093281737372,1.3067620080377924
2023-09-13,2.0419706673966473,1.2557665949934131,1.3083438013543562
2023-09-14,2.064123117941683,1.2663526055053074,1.3186911774067356
2023-09-15,2.04694814126534,1.2509542479784765,1.3027088197975494
2023-09-18,2.0598062893641873,1.251856545887215,1.3030712575312196
2023-09-19,2.0602248839114385,1.2491637891680878,1.2995123482757123
2023-09-20,2.075975043306451,1.2374281517496535,1.285573077513707
2023-09-21,2.0590085330471926,1.2171331741753388,1.2645159882406873
2023-09-22,2.05767324281648,1.2143391251141598,1.260858122622824
2023-09-25,2.074573551470218,1.2192244904569711,1.266229522242908
2023-09-26,2.0516264869198704,1.201259785759834,1.2469189524262276
2023-09-27,2.060141885642428,1.2015352515193165,1.24652342867303
2023-09-28,2.0630636643897353,1.2086161077882283,1.2543663237822023
2023-09-29,2.04800265745288,1.2053412632335425,1.2521585107952458
2023-10-02,2.030021518287346,1.205436928223258,1.2546628911730437
2023-10-03,2.0175921463084485,1.1888693166829583,1.236835158310571
2023-10-04,2.04467167060383,1.1985107555173442,1.2480063661926464
2023-10-05,2.0575105737287442,1.1969478613453322,1.2465893995812674
2023-10-06,2.0626878750573185,1.2110896722712348,1.262143348548546
2023-10-09,2.0906943498920607,1.2187242051090317,1.2686351473891675
2023-10-10,2.108746118762363,1.225071309534299,1.2749621195246046
2023-10-11,2.13593274371422,1.2303305506762288,1.2820141682581996
2023-10-12,2.1290159772665205,1.222645371667406,1.2754893839634591
2023-10-13,2.1385289266817624,1.2165090870760025,1.2681407678390226
2023-10-16,2.1506957382482184,1.229397233703393,1.2818493415530148
2023-10-17,2.1680419794787786,1.2292764515069083,1.2803335191446883
2023-10-18,2.1706052244138054,1.2128043677038285,1.2627694687843474
2023-10-19,2.154758164343626,1.2025163323607617,1.2531140833105985
2023-10-20,2.1386258111065626,1.187382323141237,1.23752724945461
2023-10-23,2.1279626772134357,1.1853809072444883,1.2354181916991918
2023-10-24,2.148208257102626,1.1939936386213148,1.2453701445637824
2023-10-25,2.14513940639664,1.1768722132596339,1.2271140030594023
2023-10-26,2.1429430113367136,1.1629468495199315,1.2105713955572428
2023-10-27,2.1225220226461206,1.1573643787499095,1.2053318371882247
2023-10-30,2.131908044302715,1.1712643507778508,1.2212812093432919
2023-10-31,2.162628428157652,1.1788482374446219,1.2281025610288736
2023-11-01,2.1925922247976537,1.1912332164216572,1.2418770050856944
2023-11-02,2.211988495840432,1.213698155957815,1.2658670845092375
2023-11-03,2.2279349562050967,1.2250993090434843,1.2765439128411682
2023-11-06,2.2297511776105066,1.2272468988484786,1.280860783583543
2023-11-07,2.210871657361386,1.2307324259845325,1.2849140723891952
2023-11-08,2.2160828743489733,1.2319692082260358,1.28649576514035
2023-11-09,2.199929833145933,1.2220101671158936,1.2748302782735388
2023-11-10,2.2126598621569618,1.2410936169079698,1.2950636362822714
2023-11-13,2.216741645718151,1.240056262543162,1.293415972622879
2023-11-14,2.214931270664218,1.2637103577047095,1.317438936935132
2023-11-15,2.195288228829838,1.2657285184059708,1.3194161534394846
2023-11-16,2.2016754848690647,1.2672352763071166,1.3219865047255202
2023-11-17,2.220058344071938,1.2688599341023308,1.3223489424591903
2023-11-20,2.2386417848784337,1.2782371618819066,1.3322679098696624
2023-11-21,2.2388346005703577,1.2756539326545915,1.3292691499417195
2023-11-22,2.2543127368269635,1.2808345281163105,1.334574578653566
2023-11-24,2.262135805524302,1.2815990245190598,1.334574578653566
2023-11-27,2.271089121169284,1.2790945782244518,1.3327951743085167
2023-11-28,2.25972944929717,1.2803482425229638,1.3345087083107376
2023-11-29,2.2545965039278473,1.2791367147407253,1.332795174308517
2023-11-30,2.2883270491387795,1.2839770612648471,1.3372767711906677
2023-12-01,2.2926043922977186,1.2915188114153444,1.3439004112823552
2023-12-04,2.2932660590305396,1.2845336201361481,1.3353984104832624
2023-12-05,2.282379750318654,1.2838028878474161,1.3372767711906675
2023-12-06,2.2644842155984843,1.2787880934008717,1.3312463664460719
2023-12-07,2.2550741396424505,1.2889777187043026,1.3427800120618172
2023-12-08,2.280303921424332,1.294256724205657,1.3478218588369408
2023-12-11,2.2941788514301167,1.299336027325324,1.3496012631819903
2023-12-12,2.3086144233263215,1.3053121382538895,1.3557636097430605
2023-12-13,2.342175378737433,1.323130531790285,1.3736900978370714
2023-12-14,2.3098151883445794,1.326632940983347,1.3775126895947103
2023-12-15,2.293303465739418,1.326531785893791,1.3775126895947103
2023-12-18,2.2860367886816078,1.3325387786339578,1.383279512402583
2023-12-19,2.2988266476724317,1.3403559945439374,1.39128723421694
2023-12-20,2.266692723906808,1.3206738493642862,1.372174275428745
2023-12-21,2.286465765568523,1.3342787285258162,1.3860805607366316
2023-12-22,2.2956316835539825,1.3364937093063494,1.3878930511012082
2023-12-26,2.3003762437690547,1.3421493356567424,1.393659873909081
2023-12-27,2.3028039927109707,1.344069223570864,1.395735845644972
2023-12-28,2.309127001599382,1.3445667638688832,1.396394951334892
2023-12-29,2.311379077119477,1.3407663795069933,1.392704200828319
2024-01-02,2.3374713252587336,1.3331768654878862,1.3845647383283053
2024-01-03,2.346976970734849,1.3224896998864362,1.3744810447780575
2024-01-04,2.345368729239224,1.3179557009333982,1.3686482510619475
2024-01-05,2.3404438151618576,1.3203618744408665,1.3708231791601944
2024-01-08,2.3653105331830204,1.3389982928534536,1.3919462393414515
2024-01-09,2.3814127204181053,1.3370193863660496,1.3900678786340461
2024-01-10,2.396925726527125,1.3445949006305642,1.3974164947584826
2024-01-11,2.406385309557734,1.3436926027218254,1.3966256483829051
2024-01-12,2.4283652481843565,1.3447016830724563,1.3966256483829051
2024-01-16,2.4441438524652597,1.3396841435759919,1.3928030566252663
2024-01-17,2.4222125963097096,1.3321592754825031,1.3846635941252525
2024-01-18,2.4418640571320283,1.3438892855486013,1.396065398489932
2024-01-19,2.437375375734894,1.360437269981972,1.413497708164616
2024-01-22,2.400125110216782,1.3634225117700867,1.4158703478567574
2024-01-23,2.392117562160757,1.3674055792041597,1.4212087620227227
2024-01-24,2.383797769412988,1.3685158146443464,1.423185978527075
2024-01-25,2.3960402331261914,1.3757147080598227,1.4299413593044197
2024-01-26,2.3913627220742226,1.37481803750342,1.4286562339441065
2024-01-29,2.3922537271956084,1.3852072279360426,1.4396956005751156
2024-01-30,2.4142918308884904,1.3843752033052585,1.437289975428856
2024-01-31,2.4255321451793312,1.362078809834195,1.4125091501951443
2024-02-01,2.4542880626515444,1.379096197803904,1.431028873636247
2024-02-02,2.4541221400498885,1.3938310767650453,1.442496548343755
2024-02-05,2.4459499326481753,1.389389860499307,1.4398273412607723
2024-02-06,2.4540621607870534,1.3925999218758778,1.4434852068786357
2024-02-07,2.4579996806548805,1.404076975591838,1.4540631794136192
2024-02-08,2.42838595207531,1.4048781184110208,1.4541290497564476
2024-02-09,2.4441516348701366,1.4129454083687225,1.4651684163874572
2024-02-12,2.4443682414707473,1.411604588735247,1.4627299063524875
2024-02-13,2.4339070827389255,1.3923019467070505,1.442957942439781
2024-02-14,2.43935617855398,1.4056398697638504,1.4554142756821695
2024-02-15,2.4511664691536748,1.413822451818196,1.4613458246298179
2024-02-16,2.4413979990003774,1.4070311983158557,1.455348405339341
2024-02-20,2.4451871604619106,1.3985815229042833,1.4454953082716977
2024-02-21,2.4563975966817693,1.4003496095578232,1.4481316304659704
2024-02-22,2.4862770241935053,1.429929032224414,1.4803928125097752
2024-02-23,2.5133105770249444,1.4304265725224332,1.4805576392149598
2024-02-26,2.5109112127240607,1.4250099027675855,1.4744942490162456
2024-02-27,2.517070769590979,1.4274414679868148,1.4763396242695321
2024-02-28,2.5619503024030257,1.4250745486932042,1.472780614448616
2024-02-29,2.569436536910933,1.4325263984588181,1.4814143559333655
2024-03-01,2.5915142530223196,1.4439978248224425,1.4917947174398636
2024-03-04,2.6072435293246854,1.4422747569875924,1.4888948133088677
2024-03-05,2.6004029230708445,1.4275735048879723,1.473571561389602
2024-03-06,2.5913707871219276,1.434912807606862,1.4798655480709206
2024-03-07,2.6028549670124472,1.4496983327390294,1.4941673571320049
2024-03-08,2.5930319241793023,1.4402339496244903,1.4859949091778724
2024-03-11,2.602060649057832,1.4386176642315323,1.48678575555345
2024-03-12,2.611515992753903,1.4547327542925024,1.5040203536342396
2024-03-13,2.6042002845867507,1.4519330778789872,1.5014170168940855
2024-03-14,2.604521421266206,1.4477644450703153,1.4982205453722484
2024-03-15,2.6080813985221662,1.438378707635987,1.4880050105709348
2024-03-18,2.6183551142521986,1.4474664699014879,1.4983194011691956
2024-03-19,2.646816004588505,1.4556434246034977,1.5071508542478396
2024-03-20,2.644027957187061,1.4686047268112588,1.5202662931801487
2024-03-21,2.6695277049772397,1.4733579180004173,1.523825303001065
2024-03-22,2.6635249303189017,1.471291993430546,1.5230343560600785
2024-03-25,2.654773431514503,1.4667972486913654,1.5190140527085454
2024-03-26,2.6679327126647316,1.462690516758392,1.5145653407151047
2024-03-27,2.684369201654752,1.4753144523309722,1.5276807796474137
2024-03-28,2.6834058121283375,1.4769616195355315,1.5291307317129115
2024-04-01,2.6768240904886533,1.4739876324520893,1.5266922216779417
2024-04-02,2.660670756528222,1.4633173489076479,1.5144994703722756
2024-04-03,2.668401237131556,1.464914007193677,1.5158175811867076
2024-04-04,2.62829031478858,1.446845265104568,1.495815020791397
2024-04-05,2.6448699685656254,1.4629040816421761,1.5120279748831873
2024-04-08,2.6283003112066843,1.462356032425627,1.5119949894290685
2024-04-09,2.6221624568606297,1.464469858116604,1.514071061730368
2024-04-10,2.599330511281234,1.4506203950071925,1.5006261705185078
2024-04-11,2.6089497812510376,1.4614199704028707,1.5136756385425794
2024-04-12,2.5670463677984183,1.440155303944279,1.491629890734679
2024-04-15,2.5619339866821993,1.4228426858556626,1.4735385759354835
2024-04-16,2.5576961694999003,1.4199165998933265,1.4705728014616593
2024-04-17,2.5647596268567536,1.4117086261272196,1.4612140839441607
2024-04-18,2.547364923165819,1.4085913474379481,1.4570619393415614
2024-04-19,2.5499358528971956,1.3962541323295228,1.4424965483437544
2024-04-22,2.5615030166577406,1.4084451735297023,1.4558755692127865
2024-04-23,2.5793770412663832,1.425296623231741,1.4728465853568533
2024-04-24,2.6010313826138165,1.4256002257529043,1.4739339991232723
2024-04-25,2.6153126120880135,1.41907606560779,1.4712647920402897
2024-04-26,2.625678769209502,1.43356361557113,1.490806058904983
2024-04-29,2.6334800934123326,1.4381201239335129,1.49677059330675
2024-04-30,2.6129190840126695,1.4154977557844368,1.4719238977302103
2024-05-01,2.5959463448450406,1.4106348998509703,1.4630264737433287
2024-05-02,2.6069787027142453,1.4235117917736884,1.4765702207521365
2024-05-03,2.6165183951150937,1.4413864588334462,1.4963751701189614
2024-05-06,2.65252620267035,1.4562703940052493,1.511105287256544
2024-05-07,2.6573976105081214,1.4582267910833084,1.5123245422740288
2024-05-08,2.660952746255994,1.4582182814285563,1.5110394169137156
2024-05-09,2.686996347866334,1.465641994432489,1.5185197737238088
2024-05-10,2.701464436746511,1.4680594226446297,1.5203321635229767
2024-05-13,2.702440145818173,1.46770517395244,1.5217492306997649
2024-05-14,2.702953175302327,1.4748056573282806,1.5287682939792413
2024-05-15,2.716827263592144,1.4920843740503835,1.547189161623397
2024-05-16,2.7228337754808876,1.4889783500657843,1.5461676181998067
2024-05-17,2.733520908936438,1.4907126726053066,1.5477493109509615
2024-05-20,2.7342501967225936,1.4920787466980472,1.5496606571124854
2024-05-21,2.709041201442533,1.4958117400843982,1.5560206147020412
2024-05-22,2.7013774304570535,1.491763889472211,1.55022080644005
2024-05-23,2.6779941914630014,1.4807534942426683,1.5415211946124718
2024-05-24,2.6944478465213173,1.491120312518442,1.5531536960251646
2024-05-28,2.672521587706249,1.4914913060151442,1.555822903108147
2024-05-29,2.6776870760503875,1.4805034201949465,1.544948262616913
2024-05-30,2.6943854698150136,1.4716573595749112,1.534930539974903
2024-05-31,2.7273218572550055,1.4834716426735566,1.5493969746103537
2024-06-03,2.7186044261903453,1.485127319532868,1.5512094649749304
2024-06-04,2.728844768238487,1.4873591823704095,1.5542411097915831
2024-06-05,2.756414629636555,1.50498089308003,1.5718711310601616
2024-06-06,2.768040378459561,1.5046801728612824,1.5712450108243599
2024-06-07,2.768366580188124,1.503002123845122,1.569926900009928
2024-06-10,2.7881625364056966,1.506881153887223,1.571475707872373
2024-06-11,2.782333593532626,1.5109653764108517,1.576978848178114
2024-06-12,2.775464646652678,1.523814131571889,1.5916430949728682
2024-06-13,2.8063409655374643,1.527386951295402,1.596124691855019
2024-06-14,2.811980587553728,1.526785373605411,1.595630412870283
2024-06-17,2.825680910398215,1.5384872469098276,1.6069993323462528
2024-06-18,2.8377940169463858,1.5423662769519284,1.6126013284489409
2024-06-20,2.8727298873742457,1.538470364852819,1.6069663468921342
2024-06-21,2.877116376060328,1.5360670736477666,1.6035721637764024
2024-06-24,2.907435250284843,1.5313587640248019,1.5989257401890675
2024-06-25,2.879329128475105,1.5373825015694809,1.607724308379002
2024-06-26,2.8704759335371306,1.5397999297816216,1.6082844577065665
2024-06-27,2.854914141210249,1.541197022938459,1.6065050533615173
2024-06-28,2.835276598449987,1.5349033097341376,1.601034797944486
2024-07-01,2.837814756762399,1.5390100416671113,1.6061096301737283
2024-07-02,2.832102430476197,1.5485446980596052,1.6158307854248972
2024-07-03,2.832179867681147,1.5564181874929475,1.626573584665065
2024-07-05,2.8342545156375047,1.5648987447161207,1.6338892153353828
2024-07-08,2.8424198234205615,1.566489775649814,1.6370197159489823
2024-07-09,2.839038289534739,1.5676506572610265,1.6401833025821098
2024-07-10,2.854866452967642,1.5836533375277686,1.6591643195538297
2024-07-11,2.8489341435197093,1.5697757376566759,1.642292259772119
2024-07-12,2.86930784868979,1.5784362329021122,1.6537270495909173
2024-07-15,2.8811037867123788,1.5828972135272752,1.6596586991039746
2024-07-16,2.917564521172886,1.5930109382004154,1.6696764217459847
2024-07-17,2.8929006118164127,1.5708242094736602,1.6483227650821235
2024-07-18,2.8796258045256304,1.5585460129385171,1.633328965442409
2024-07-19,2.883189017264668,1.54741758056241,1.6208396467459016
2024-07-22,2.9214763666474335,1.5641173662563626,1.6398537497371493
2024-07-23,2.9169328889604076,1.561680310937293,1.6348777733048538
2024-07-24,2.9137541576815513,1.525528827004482,1.5953668309335596
2024-07-25,2.886882564460643,1.517683611585317,1.5846240316933915
2024-07-26,2.916204693043549,1.5345154341804268,1.6009359421475378
2024-07-29,2.934303394296563,1.5357634711266026,1.60327559638556
2024-07-30,2.928919637701249,1.5281458203458145,1.5937850376169955
2024-07-31,2.9637352818066534,1.5522804364958762,1.617840987383367
2024-08-01,2.98913996215067,1.5310242796920368,1.5928953354444708
2024-08-02,2.968251549144461,1.502881204396141,1.5681803805535879
2024-08-05,2.9000675867786105,1.457841660579517,1.5183879324727427
2024-08-06,2.9455091039243526,1.472936278332688,1.5327885973307742
2024-08-07,2.9794985796271116,1.4615436349017707,1.520595846025108
2024-08-08,2.9564084076012005,1.495221417099079,1.5558558885622646
2024-08-09,2.9412903801075663,1.5022066083782748,1.5629408221845693
2024-08-12,2.9487258601182167,1.5022712543038932,1.5642589329990013
2024-08-13,2.960689705874961,1.5275808890722562,1.591412397924854
2024-08-14,2.9646862929948434,1.5334219435447523,1.5978713118767658
2024-08-15,2.968355685851107,1.5581610196872213,1.6224214400624644
2024-08-16,2.9721974096546853,1.5612614163194842,1.6272325897895752
2024-08-19,2.9840897883124198,1.5764404443576987,1.6446978849183778
2024-08-20,2.9829806179280225,1.5733119109637548,1.6405457403157786
2024-08-21,3.0138541797085927,1.5799822450171148,1.6462795776695325
2024-08-22,3.018741419897864,1.5658685708528932,1.6307915996104911
2024-08-23,3.029522880409546,1.5838500203545431,1.652310082979537
2024-08-26,3.0046552713176937,1.5788549902674236,1.6482239092851751
2024-08-27,3.0088851194324118,1.5813735735691203,1.6513214244446563
2024-08-28,3.02331076805033,1.5719233274616697,1.6405457403157782
2024-08-29,3.0377691927807513,1.5718614265859714,1.6375469803878353
2024-08-30,3.059370805424881,1.587726305346724,1.651420380807012
2024-09-03,3.040154995691315,1.5541441881391316,1.6144138188135158
2024-09-04,3.044499886880317,1.55165360434662,1.61115147694885
2024-09-05,2.9763312855480026,1.5469706864354162,1.6064061975645676
2024-09-06,2.954491950835933,1.520269585862552,1.581757113016513
2024-09-09,3.000859637971514,1.5378744145151635,1.5988598698462368
2024-09-10,3.009271605416801,1.5447528233524672,1.6037698753702945
2024-09-11,3.0331423138766316,1.561227652205467,1.621334026296044
2024-09-12,3.0742179021333214,1.5729295255098839,1.633032398051565
2024-09-13,3.1020015198728554,1.5814354744448185,1.6413365866913545
2024-09-16,3.11764441476902,1.5834227533344787,1.6414025575995919
2024-09-17,3.0953213717025885,1.5838416479522868,1.6410730047546316
2024-09-18,3.076991070406504,1.5792541205258068,1.6365584224183625
2024-09-19,3.0877960461704994,1.6060648858429794,1.6649971132699373
2024-09-20,3.0980784811690634,1.6029474699012118,1.6589995934140516
2024-09-23,3.1202347158057346,1.6074505870426485,1.6623607910756644
2024-09-24,3.0761526581135517,1.6114871829501631,1.6677980610385768
2024-09-25,3.0616936870889213,1.6084878041549602,1.6658868154424618
2024-09-26,3.0485862739550966,1.6149839647908895,1.6731365757699512
2024-09-27,3.0703110423204176,1.6129600394847958,1.6726093113310967
2024-09-30,3.0869155113286646,1.61979342950341,1.681276038269965
2024-10-01,3.083390126334807,1.6046903020954866,1.6632176083594792
2024-10-02,3.0828598373256413,1.6049123766340232,1.663349449610545
2024-10-03,3.0781257038513865,1.6022138553100638,1.6616688004970341
2024-10-04,3.1003078307917,1.616586113176759,1.673729710551634
2024-10-07,3.09237253582138,1.6010894828627884,1.6599881513835233
2024-10-08,3.1224731639284635,1.6166029952337677,1.6764319030887354
2024-10-09,3.1471562324340527,1.628102558359073,1.6870098756237186
2024-10-10,3.1366585605970543,1.624732186067168,1.6840769860386045
2024-10-11,3.1499267234042003,1.634564817628489,1.6932710779817362
2024-10-14,3.184987871908725,1.6471634987418045,1.7093520902570516
2024-10-15,3.2019593588451736,1.6346294635541077,1.6955118764228112
2024-10-16,3.2190779068379434,1.6422781333989933,1.7048375079207823
2024-10-17,3.216403445427427,1.6419970402871746,1.7032228297155088
2024-10-18,3.227038178662577,1.6485183181298728,1.7094510466194077
2024-10-21,3.2198149423370532,1.6455134492348296,1.707407959772227
2024-10-22,3.220056529831576,1.6447320707750714,1.7077044265976595
2024-10-23,3.194643332814192,1.6296148063600595,1.69280968388571
2024-10-24,3.1814753430157534,1.6331115882007858,1.6973242662219794
2024-10-25,3.1672733938264916,1.6326225575575188,1.6979174010036622
2024-10-28,3.169000375508974,1.636951364029029,1.702860391981839
2024-10-29,3.173261589238999,1.6395936118296262,1.7023332281083934
2024-10-30,3.1683842362288446,1.6341825694271146,1.6956106316543498
2024-10-31,3.1630259045662084,1.6037627497274833,1.6618335266368098
2024-11-01,3.2083802962422245,1.6103261640864552,1.6655572625975015
2024-11-04,3.225473107247906,1.6057977924857534,1.662294920732836
2024-11-05,3.2614435534054604,1.6254939374199973,1.681012355767833
2024-11-06,3.345904766069048,1.6666123146782468,1.723522158632479
2024-11-07,3.4833824652652754,1.6789972936552817,1.7360773476718148
2024-11-08,3.521654932299515,1.685305006614196,1.7431621807287103
2024-11-11,3.5249177645359535,1.6869381740641625,1.7455019355321415
2024-11-12,3.4949786969752275,1.6820584360736872,1.7408556125102155
2024-11-13,3.477018793287947,1.6824490566773183,1.7395703865844931
2024-11-14,3.4540100972504066,1.6722706860785599,1.7317934623835585
2024-11-15,3.436317163653927,1.6501908770461926,1.7108680132307867
2024-11-18,3.456379080936761,1.6566560186180246,1.7180847881041572
2024-11-19,3.4725662791173284,1.6632223152794126,1.7256969861653164
2024-11-20,3.5202804955618863,1.6632588244433502,1.7245766875101878
2024-11-21,3.582158789119695,1.6721413942273229,1.733045501724344
2024-11-22,3.5643558230814656,1.6779403121835454,1.7396361563619127
2024-11-25,3.5404260596630084,1.683008497851036,1.7439202427809868
2024-11-26,3.5822705029377713,1.6926386819807495,1.7520266192614729
2024-11-27,3.5826176917401704,1.6862045594730146,1.7467871614578638
2024-11-29,3.600582592653764,1.6956604329328016,1.7564094609120853
2024-12-02,3.5767661461254336,1.6998121836844649,1.7611547402963674
2024-12-03,3.57395155262944,1.7005795623896303,1.7606933462003413
2024-12-04,3.558601184405159,1.710870480035113,1.771172462938378
2024-12-05,3.5666295110170054,1.7076715361107184,1.767811365842174
2024-12-06,3.540936393030442,1.7119329516066901,1.7668555921960032
2024-12-09,3.4567241314200254,1.7014144693228306,1.7579911536632404
2024-12-10,3.444261464801597,1.696371675367101,1.755288961126139
2024-12-11,3.4399728391902786,1.7102238835264323,1.7679760919819496
2024-12-12,3.4355858060004443,1.7009646928934212,1.7576287159295703
2024-12-13,3.450072028845231,1.7009196740747314,1.7507086090124502
2024-12-16,3.4407656024924322,1.7073820705966436,1.751828907667579
2024-12-17,3.4202265440928574,1.7007847548711585,1.748599551257032
2024-12-18,3.3716596013771882,1.6506237714185938,1.7007843196805394
2024-12-19,3.390761746394099,1.6491957964501551,1.6986094921477015
2024-12-20,3.413094667233166,1.6671211096809389,1.718513196746065
2024-12-23,3.420587424826624,1.6792698771123489,1.7312001264710577
2024-12-24,3.438722098407998,1.6978136500901324,1.7493574121784907
2024-12-26,3.430867819253609,1.697124917065178,1.7487972628509263
2024-12-27,3.412556164833752,1.6783619518512742,1.7283002223400619
2024-12-30,3.381933182542472,1.660400129456553,1.7109997539164437
2024-12-31,3.3748079245172873,1.6532856463261199,1.7032558151696275
2025-01-02,3.381425593697503,1.6496089264631308,1.6966651605320588
2025-01-03,3.4289485995552353,1.670387444580872,1.7192380722134046
2025-01-06,3.414456135035916,1.679638125559131,1.7284321641565366
2025-01-07,3.423085702440161,1.6609875701394554,1.7091215943398563
2025-01-08,3.4451494590246026,1.663579309021523,1.712647417575836
2025-01-10,3.4254999144573213,1.6379408172727312,1.6852303707132605
2025-01-13,3.4333872492544875,1.6405213014501263,1.6885585829207546
2025-01-14,3.5043608102090884,1.6424017978978946,1.689085947925018
2025-01-15,3.5145618744855027,1.6724787608625045,1.7210506631433904
2025-01-16,3.5532903563675045,1.668945332605345,1.713570205767888
2025-01-17,3.565037761896937,1.6856198638400326,1.7298161453137972
2025-01-21,3.6258408263432207,1.7003997616198638,1.741251035698004
2025-01-22,3.640127800936018,1.7108367159210962,1.7513675135715525
2025-01-23,3.6596845800359503,1.7199272232365168,1.759540062091094
2025-01-24,3.683101628800747,1.7150166034344405,1.7530811481391821
2025-01-27,3.5839378993225064,1.690010433934745,1.7287616164360877
2025-01-28,3.602296473687893,1.7055887294838386,1.7476767630649794
2025-01-29,3.6182367151172605,1.6976084576086043,1.7387465547547973
2025-01-30,3.666035662716439,1.7065640457204518,1.7430964109512908
2025-01-31,3.6241401416943892,1.6979513143436256,1.7301457987241662
2025-02-03,3.6518447068432143,1.6850322859046338,1.7132735378116375
2025-02-04,3.6383535104166187,1.6972064450478048,1.724082307960043
2025-02-05,3.675945157953575,1.7038402699372273,1.730079827815929
2025-02-06,3.680144490609457,1.7100495728565057,1.7361431174492343
2025-02-07,3.665967507475841,1.6938643467700767,1.7206880242789029
2025-02-10,3.6706550522298267,1.705234480791649,1.7299151016761534
2025-02-11,3.6626720684372147,1.7058135490722952,1.7317274914753211
2025-02-12,3.693026173660416,1.7011671403250288,1.7281354962002862
2025-02-13,3.7736555416295308,1.7189040058787977,1.7497198499121605
2025-02-14,3.738990792242473,1.7187803413798968,1.749785820820398
2025-02-18,3.7875341407421885,1.7229827383025862,1.7561787638640727
2025-02-19,3.7756310397994177,1.7270782155308875,1.7617808605321696
2025-02-20,3.770060279783203,1.7195927389037524,1.7568048840998742
2025-02-21,3.7230470130121818,1.6902493905302907,1.7281354962002864
2025-02-24,3.7232382099410164,1.6818503612897442,1.7208529515494964
2025-02-25,3.758250702841155,1.6739797541588182,1.7122519943880476
2025-02-26,3.8010561843556503,1.674207456049691,1.7069135802220823
2025-02-27,3.7611756727360706,1.647646902032736,1.6812430528158464
2025-02-28,3.838682213664115,1.6737689343249544,1.7099454261695528
2025-03-03,3.841000724839233,1.64431605845968,1.6796942449534014
2025-03-04,3.780510973305419,1.6241981366052123,1.6605154158223778
2025-03-05,3.7801837989269957,1.6423230149651877,1.6775851871979828
2025-03-06,3.7118226927124724,1.613058449524433,1.6539577466389277
2025-03-07,3.7371287013743846,1.6219635287177507,1.6616358150429156
2025-03-10,3.7341774436977886,1.5782141583635763,1.6138535689205418
2025-03-11,3.7342848690880452,1.5662704461611983,1.5964542446999765
2025-03-12,3.726346320460934,1.573924606105924,1.6025506203528093
2025-03-13,3.7120000856669266,1.5520612442597572,1.580867410843988
2025-03-14,3.764158385881217,1.5850671754891195,1.6144468042676334
2025-03-17,3.807457067598091,1.595237173685622,1.623574824737119
2025-03-18,3.793619000784441,1.5782422951252577,1.6069993323462497
2025-03-19,3.8015606586175608,1.5952849375542317,1.6237395508768944
2025-03-20,3.796481296892111,1.5917994104181779,1.6217294494838321
2025-03-21,3.7898880405482935,1.5931120932899723,1.6233771131432244
2025-03-24,3.8331465739206725,1.621224149521771,1.65112371285076
2025-03-25,3.8332330302062703,1.623776496937485,1.6531669002633498
2025-03-26,3.815760196424715,1.605660128232262,1.635833446385613
2025-03-27,3.8101678224820743,1.6003502409193062,1.632241551675987
2025-03-28,3.809686579468464,1.5687637750036303,1.6013643507894426
2025-03-31,3.8196327109663986,1.5774524070107476,1.6122059052611488
2025-04-01,3.843468615143054,1.5834171259821446,1.6195215359314665
2025-04-02,3.896866435034223,1.5940706647220733,1.628056421619269
2025-04-03,3.845995690891288,1.5169246052824092,1.551769614302492
2025-04-04,3.641243379249107,1.42628895877786,1.4589731849376741
2025-04-07,3.6123311523299457,1.4229636053046444,1.4496474528742942
2025-04-08,3.5777846596611296,1.4006223302673872,1.424438218998675
2025-04-09,3.7263530323074088,1.5338969744334285,1.5594806681605982
2025-04-10,3.677860995137336,1.4808125128159517,1.5073486664071396
2025-04-11,3.7382482370987664,1.5076035137736998,1.5368417855710148
2025-04-14,3.7886352027329457,1.5195809900900954,1.5516707585055447
2025-04-15,3.7945061787807246,1.5169554870940107,1.5478811522020246
2025-04-16,3.7774085228523377,1.4829629849233625,1.5104791670207398
2025-04-17,3.8000516303918848,1.4849306367060942,1.5123575277281451
2025-04-21,3.7178438584935125,1.4499345442846556,1.4767350474573184
2025-04-22,3.795438630584683,1.486352847069701,1.5143347442324975
2025-04-23,3.8268774406290276,1.511117177671435,1.5360179537413188
2025-04-24,3.876067658325556,1.5417310724004174,1.5634351011693033
2025-04-25,3.8859268775864098,1.5530984613720695,1.5749028764422204
2025-04-28,3.9284584463059433,1.554093541968108,1.5746721793942073
2025-04-29,3.948075142765973,1.563111030955654,1.5833717912217857
2025-04-30,3.987317631505101,1.5654244217758229,1.5864035366038474
2025-05-01,3.9712833380479777,1.575285190098825,1.5979041967654743
2025-05-02,4.013285830830225,1.598483744226131,1.6201147712785595
2025-05-05,4.0057436552615835,1.5882828642180276,1.6127331697000042
2025-05-06,3.9533621412775592,1.5760638235086628,1.5999802690667742
2025-05-07,4.004720259548162,1.5829139583317897,1.6037698753702945
2025-05-08,3.933384445619689,1.59209450328459,1.6114809292284011
2025-05-09,3.9258899485204033,1.5909617584350584,1.6079550054270124
2025-05-12,3.956787765086678,1.6427615366899257,1.6616029301542061
2025-05-13,3.9918796103811442,1.6546686024758703,1.671027518014533
2025-05-14,3.970074912857485,1.6563636708015357,1.6740921482853044
2025-05-15,4.042066936646833,1.663208315524822,1.6801226535953089
2025-05-16,4.101507916812909,1.6748595426582131,1.6919198811477774
2025-05-19,4.152447462976914,1.6763269090930053,1.6943254057286283
2025-05-20,4.168662343695069,1.6698223760548196,1.685988332200129
2025-05-21,4.1366800787779505,1.64287957383649,1.6582416319271844
2025-05-22,4.110131257588282,1.642148704295262,1.6577473529424487
2025-05-23,4.155135723799593,1.6311326817133835,1.6432809183069976
2025-05-27,4.220860751865245,1.664504116339608,1.6771897640101947
2025-05-28,4.190213213920832,1.6552307886995081,1.668061743540709
2025-05-29,4.180656403827659,1.661870240941267,1.6762012060407228
2025-05-30,4.20409967020576,1.6617353217376938,1.6745865278354493
2025-06-02,4.219747011524715,1.6685518296992994,1.6812760382699654
2025-06-03,4.234538786851261,1.678229914950119,1.6914584870517513
2025-06-04,4.211422711077568,1.6783535794490196,1.6941936650429714
2025-06-05,4.2331954404243906,1.6694962641243116,1.6896790827067023
2025-06-06,4.260810711267952,1.6866598260022663,1.7093850757111713
2025-06-09,4.218165813317275,1.6882114654696057,1.7094510466194086
2025-06-10,4.1655002354078094,1.6974679110526967,1.7198641924492073
2025-06-11,4.192465504530322,1.692810247600758,1.7129111000779684
2025-06-12,4.258721172375868,1.69928087927243,1.7197654372176692
2025-06-13,4.254782485154512,1.6800851569386215,1.6959730693880204
2025-06-16,4.256134708320698,1.6958656254143312,1.7132407534883374
2025-06-17,4.225961283863788,1.68170144233158,1.7003229255845136
2025-06-18,4.259861453408672,1.6811813926242158,1.6991366560211476
2025-06-20,4.244511107375803,1.6775186725158193,1.6951822230124427
2025-06-23,4.253275122725814,1.6936337625767897,1.7086931856979495
2025-06-24,4.292155616091352,1.712469883371064,1.7277070875583795
2025-06-25,4.282274832130672,1.712464256018728,1.7342649578726475
2025-06-26,4.349976256645731,1.726198427031495,1.7458313878116936
2025-06-27,4.389429280786565,1.7352074063642886,1.7559150813619413
2025-06-30,4.429144803107411,1.7441687590809685,1.765570567401099
2025-07-01,4.342623895476879,1.7422178521027496,1.766064745820426
2025-07-02,4.322917858056352,1.7504848444421388,1.7751268959470832
2025-07-03,4.368438188051532,1.7650820591497867,1.788407161584577
2025-07-07,4.414375477728185,1.7512044592786944,1.7744677902571628
2025-07-08,4.354948434977868,1.7499507949801822,1.776214410278911
2025-07-09,4.403642313353277,1.7605591776489253,1.7866935270169477
2025-07-10,4.38355446987509,1.765394034073207,1.7920979120911502
2025-07-11,4.375270372452766,1.7595726067076396,1.785671983593357
2025-07-14,4.4335164859868925,1.7620490534930628,1.7858037242790141
2025-07-15,4.398562855672253,1.7550778619684593,1.7802016276109172
2025-07-16,4.426412401040857,1.7606829794003225,1.7852765604055683
2025-07-17,4.419444205980062,1.7701444802124453,1.7931194555147407
2025-07-18,4.45144234218419,1.7699843065496073,1.7920649266370314
2025-07-21,4.456352178847896,1.7724607533350303,1.7933829368860543
2025-07-22,4.44612056471146,1.7735907531346418,1.7971396583008652
2025-07-23,4.51027011982881,1.7874458435963891,1.81246301078554
2025-07-24,4.507553078254488,1.7886938805425652,1.8174389872178354
2025-07-25,4.562756001990965,1.795802736320662,1.824029641855404
2025-07-28,4.515332704041673,1.7961203385964182,1.8237659593532725
2025-07-29,4.57678995097482,1.7908048239311263,1.817142319261585
2025-07-30,4.600690691681783,1.7885673337412484,1.8136162948947874
2025-07-31,4.551238181914822,1.7819589005635867,1.8117051498640813
2025-08-01,4.557663692465367,1.7534615765755013,1.7857707388248958
2025-08-04,4.632058521586288,1.7793025157559006,1.8157583381043243
2025-08-05,4.624350706301778,1.770658902567473,1.8055756881917209
2025-08-06,4.6280088417473335,1.7835526765471998,1.8134845542091302
2025-08-07,4.563423781205153,1.7821303289310972,1.8120675875977512
2025-08-08,4.627440052034522,1.7960304382115346,1.8308509935409858
2025-08-11,4.64727215259088,1.7915329484224343,1.8256443200606776
2025-08-12,4.623455630597225,1.811858670555854,1.8473933999123275
2025-08-13,4.604810646584294,1.8177111169855185,1.8532921645366747
2025-08-14,4.574802575508016,1.8182620485044838,1.8533579343140942
2025-08-15,4.5701509105892395,1.812994297707802,1.8480195201481289
2025-08-18,4.570691481323552,1.8128116146356188,1.8466355389908682
2025-08-19,4.558331789468397,1.8021919772622035,1.83826548000825
2025-08-20,4.6272506436498615,1.7978096423172514,1.8335529849472687
2025-08-21,4.623167239554948,1.790610886154271,1.826105714156703
2025-08-22,4.5514354034031035,1.8178038996728185,1.853555645907988
2025-08-25,4.523636311943114,1.810048447386041,1.8462401158030792
2025-08-26,4.554713666229336,1.8175311789632562,1.852863755894767
2025-08-27,4.5658149661350915,1.8218768674917751,1.8577407759647062
2025-08-28,4.57938331586654,1.8276280215793879,1.8622553583009755
2025-08-29,4.566509166456545,1.8159345206772273,1.852764799532411
2025-09-02,4.577789639877062,1.8033641135780891,1.8393527932092604
2025-09-03,4.600521153347051,1.8125614033354018,1.8537533575018827
2025-09-04,4.597402672301848,1.8276899224550864,1.8661438204014429
2025-09-05,4.599398807311948,1.8219050042534564,1.8532261936284369
2025-09-08,4.634726371500347,1.8257418977792834,1.8553682368379736
2025-09-09,4.6766812907577,1.8306497725314397,1.8616292380651733
2025-09-10,4.6973526964886805,1.836111461104977,1.8602122714537943
2025-09-11,4.767298686262344,1.8516925017039907,1.878863735580554
2025-09-12,4.703692655704521,1.8507985761975083,1.8799842353665008
2025-09-15,4.690577837089525,1.8595095803614747,1.8885192216197122
2025-09-16,4.619135455911707,1.8571146615586787,1.8839716538293243
2025-09-17,4.641089588610619,1.8553129480436175,1.8832465772311664
2025-09-18,4.693474511988588,1.8641982628775102,1.895966492410278
2025-09-19,4.721527599711411,1.8733056522499398,1.9057537191350926
2025-09-22,4.744483928479976,1.881567017236993,1.918737316816336
2025-09-23,4.875194116963593,1.8712143359683076,1.907763820528155
2025-09-24,4.899872932153316,1.865887703850839,1.8998879399648643
2025-09-25,4.8279694182097685,1.8565413578828647,1.8939234055630971
2025-09-26,4.910296852381315,1.867498361891461,1.9027548586417409
2025-09-29,4.929546116677,1.8724202363982096,1.908719393043508
2025-09-30,4.974690686565236,1.8800800236952717,1.9175510472529698
2025-10-01,5.004975961039614,1.8864721469392292,1.9248995628119971
2025-10-02,4.975489146987594,1.8876386559027782,1.9283266308164386
2025-10-03,4.953395174321437,1.887762320401679,1.9306663856198698
2025-10-06,4.986152905852558,1.894646219338823,1.9373887809430956
2025-10-07,5.002673839317866,1.887424953766498,1.9288869812748206
2025-10-08,5.051129365754017,1.898424231543864,1.9373557954889769
2025-10-09,5.0298423350576025,1.893192989911119,1.9316549435893415
2025-10-10,5.004328565883077,1.8418653602425097,1.881335231069642
2025-10-13,5.036763228390519,1.870596013473804,1.9049628727595151
2025-10-14,5.015601682231025,1.8676697902589718,1.9048309309430405
2025-10-15,5.03862495894185,1.8751890310001245,1.9145521867596178
2025-10-16,5.01701971054516,1.8633858653536557,1.9026561034102025
2025-10-17,5.061132826263481,1.8732072422103045,1.9165952736067988
2025-10-20,5.091545447282943,1.8931986172634554,1.9389706748250684
2025-10-21,5.074068000195856,1.8932605181391537,1.9388057475544749
2025-10-22,5.03701070989968,1.88315516586827,1.931127779715896
2025-10-23,5.049048581602857,1.8941290519338754,1.9391683864189628
2025-10-24,5.132234233852512,1.9090972601382257,1.9565346246200006
2025-10-27,5.185232949478132,1.9325601625728377,1.983062170440869
2025-10-28,5.151951372527593,1.9369817517316472,1.9898505366723325
2025-10-29,5.21510236993958,1.9368973414466042,1.9908061091876854
2025-10-30,5.204844749136197,1.9177127365649722,1.976570271034839
2025-10-31,5.175682321221431,1.9227331583638527,1.969518222301244
2025-11-03,5.235909884088466,1.9260416297800598,1.9719239480129127
2025-11-04,5.21820936129308,1.9034360064354963,1.952448450925639
2025-11-05,5.241142275485415,1.9103903159030913,1.9565346246200006
2025-11-06,5.207324706437177,1.8890356118071199,1.9371910693492016
2025-11-07,5.21520980076115,1.8914192759052433,1.9401239589343158
2025-11-10,5.268485070142598,1.920549059394921,1.9717262364190182
2025-11-11,5.265155140090502,1.9245348718789141,1.9786463433361383
2025-11-12,5.251385027125597,1.9257463996611528,1.981315550419121
2025-11-13,5.194853851939437,1.8938620958291454,1.9539313884452552
2025-11-14,5.199645993602832,1.892911896799301,1.954557508681057
2025-11-17,5.220030407126835,1.8755685341515798,1.9356423620521652
2025-11-18,5.230724188940919,1.8600830212897856,1.9205497066155037
