Date,Our Portfolio,S&P500
2020-11-20,1.0,1.0
2020-11-23,1.0085485276408084,1.0056359306172162
2020-11-24,1.0324844660056205,1.02188868493168
2020-11-25,1.0263308323696771,1.020269585862554
2020-11-27,1.0229219535328256,1.0227151508363757
2020-11-30,1.0167017783612888,1.0180152136156673
2020-12-01,1.0199257962679862,1.0294894536554595
2020-12-02,1.0259729208173374,1.0313334409392902
2020-12-03,1.0174268475745751,1.0306897267330257
2020-12-04,1.0296055688446846,1.0397971847317031
2020-12-07,1.016990614827949,1.037784514130282
2020-12-08,1.0279492686225842,1.040676973231097
2020-12-09,1.031356342104902,1.0324044221656197
2020-12-10,1.0216691373734785,1.0310776709129847
2020-12-11,1.016759252020207,1.029773360443447
2020-12-14,1.0100562156538455,1.0252843116828507
2020-12-15,1.0251747845484656,1.0385322657285188
2020-12-16,1.0197156219314374,1.0403733707099334
2020-12-17,1.023663243220229,1.0463634813930913
2020-12-18,1.015574662059596,1.0426895752062704
2020-12-21,1.0093947689552076,1.038616538761066
2020-12-22,1.0039044241030608,1.0364633902299834
2020-12-23,1.008658445223275,1.037236396287485
2020-12-24,1.0125833710906702,1.04090467512197
2020-12-28,1.0100452791033327,1.0499839963589663
2020-12-29,1.0085842204234574,1.0476452824532845
2020-12-30,1.0107186412219884,1.0490507480123785
2020-12-31,1.0195566220681604,1.0558054237245338
2021-01-04,1.0172139404349703,1.040227196801688
2021-01-05,1.0284329174096043,1.0475947049085068
2021-01-06,1.070640079208859,1.0535763059369123
2021-01-07,1.0794854383185208,1.0692191787853766
2021-01-08,1.0735338995128725,1.0750911836957218
2021-01-11,1.0665259615590645,1.0680442287933234
2021-01-12,1.0818584130594733,1.0684883092441484
2021-01-13,1.08769699003617,1.0709198058371296
2021-01-14,1.0933846391564115,1.0669001606128714
2021-01-15,1.0996990101342723,1.059229118611137
2021-01-19,1.0943828882495823,1.067847408714052
2021-01-20,1.0952049488933233,1.0827285302096867
2021-01-21,1.0811722108315345,1.083071455570956
2021-01-22,1.0924687577413943,1.079810748023359
2021-01-25,1.0938855005538382,1.0837151697772207
2021-01-26,1.1012476020737951,1.0821016980604308
2021-01-27,1.0820658136183958,1.0543156165066447
2021-01-28,1.0836825931434648,1.0646063968996315
2021-01-29,1.0688713315055873,1.0440472768967546
2021-02-01,1.083376380305321,1.0608060811639897
2021-02-02,1.0881145944036852,1.0755494011536353
2021-02-03,1.0899952795906935,1.076634382134557
2021-02-04,1.1194524483301995,1.0883194420082134
2021-02-05,1.1231737186129023,1.0925611617710083
2021-02-08,1.1205634577563335,1.1006454024119663
2021-02-09,1.1207314592342332,1.0994198062488876
2021-02-10,1.1239206075148294,1.099040303097433
2021-02-11,1.1177101870096042,1.1008674083242551
2021-02-12,1.116894978891246,1.1060536311383102
2021-02-16,1.0997703403973582,1.105423985312886
2021-02-17,1.103641828925695,1.1050698052469443
2021-02-18,1.0927775391828252,1.100189998630221
2021-02-19,1.0955228023647807,1.0981492598933666
2021-02-22,1.0905855618425582,1.089657447965521
2021-02-23,1.0987029517662321,1.0910264043606774
2021-02-24,1.1049400870507746,1.1034113147114648
2021-02-25,1.0879288186175773,1.0764011215175966
2021-02-26,1.063424130362314,1.0712879856576645
2021-03-01,1.0868403531839914,1.0967747447721223
2021-03-02,1.0855139350132705,1.0879118707213262
2021-03-03,1.0792732797196984,1.0736969728413008
2021-03-04,1.0736282268930963,1.059290950860588
2021-03-05,1.0885847376139433,1.0799428535507645
2021-03-08,1.1015036991010665,1.0741551902992144
2021-03-09,1.114592526585321,1.0893594727966938
2021-03-10,1.129690271081441,1.0959286517604978
2021-03-11,1.1267136930519732,1.1073213638176629
2021-03-12,1.1409496248458093,1.108445736264938
2021-03-15,1.1486008014673463,1.11564167875175
2021-03-16,1.144606343360352,1.1138904741552187
2021-03-17,1.1507343722280605,1.1170977904818697
2021-03-18,1.1477242576794473,1.1006088246217813
2021-03-19,1.157115506297313,1.0999454833085878
2021-03-22,1.1636790060767477,1.1076727302074363
2021-03-23,1.1461921814459903,1.099220241119696
2021-03-24,1.1460339448277939,1.0932104347033613
2021-03-25,1.1610737526174106,1.0989391480078772
2021-03-26,1.1808429961969233,1.1172158276284343
2021-03-29,1.178761556922111,1.116246070117909
2021-03-30,1.1828940785048891,1.1127211515155018
2021-03-31,1.1758728549181237,1.1167519828181844
2021-04-01,1.1813066429497643,1.129957800347579
2021-04-05,1.1847718876770228,1.1462723869114928
2021-04-06,1.1839206895074297,1.145156455492722
2021-04-07,1.1910820434504288,1.1468458278398028
2021-04-08,1.1876896149746106,1.1516862429901726
2021-04-09,1.1928327903991558,1.1605771851764015
2021-04-12,1.1940717435561325,1.1603496205380248
2021-04-13,1.1965688425955685,1.1641723770567636
2021-04-14,1.1991394697728603,1.159413558515269
2021-04-15,1.2092859773074847,1.1722763134308987
2021-04-16,1.2163109700096906,1.1765068471152689
2021-04-19,1.2096438650275894,1.1702636428294773
2021-04-20,1.2150159957718496,1.162303135313668
2021-04-21,1.223439376064461,1.1731195927663547
2021-04-22,1.2148064232712164,1.1623143900183401
2021-04-23,1.2254077739005966,1.1750169712711314
2021-04-26,1.2234440003900633,1.17711116985518
2021-04-27,1.2179740337101024,1.1768582135050423
2021-04-28,1.2177405679263873,1.1758631329090041
2021-04-29,1.2250412607315426,1.1838152680225573
2021-04-30,1.2106157544301044,1.1752980643829505
2021-05-03,1.2311897606241393,1.1785278901189464
2021-05-04,1.2248004382169226,1.1706572829880204
2021-05-05,1.211159433605135,1.171480797964052
2021-05-06,1.206679906765146,1.1810464734206432
2021-05-07,1.23451610973356,1.1897547325346893
2021-05-10,1.2444203193880243,1.1773388717460531
2021-05-11,1.2297125089766379,1.1671267370332772
2021-05-12,1.2075816166585793,1.1420925680243967
2021-05-13,1.2183145611851252,1.1559954223547542
2021-05-14,1.2316788765863274,1.173240512215336
2021-05-17,1.2444027997932279,1.1702721524842299
2021-05-18,1.229308152366884,1.1603046017193355
2021-05-19,1.2281818519112908,1.1568893478612363
2021-05-20,1.2329991421451527,1.169100016168345
2021-05-21,1.231822606486995,1.1681835812525176
2021-05-24,1.229954896427209,1.1797617900580337
2021-05-25,1.2104453151296166,1.1772544614610096
2021-05-26,1.2183210328082053,1.1794639521417025
2021-05-27,1.224283655272971,1.1808383986366993
2021-05-28,1.2239533142656773,1.1817463238977741
2021-06-01,1.2272420090435132,1.1811645105672077
2021-06-02,1.2317314564613806,1.1828735786474653
2021-06-03,1.2396525395832014,1.1785812813398928
2021-06-04,1.2537122621119636,1.18899298118186
2021-06-07,1.2639477691629242,1.1880456644544317
2021-06-08,1.2618986035836481,1.1882536019858796
2021-06-09,1.261814450821407,1.1860863850739565
2021-06-10,1.272487342187753,1.191604347170856
2021-06-11,1.2756810612229779,1.193926110393281
2021-06-14,1.2709223474857747,1.1960933273052041
2021-06-15,1.2692814822683693,1.1936871537977358
2021-06-16,1.2607764709305074,1.1872530312900011
2021-06-17,1.2512381983317,1.1867357266325573
2021-06-18,1.2202962433254014,1.1711604506383757
2021-06-21,1.2401682555862705,1.187559378861085
2021-06-22,1.244359501128727,1.1936450172814626
2021-06-23,1.2469782078841642,1.192351961516597
2021-06-24,1.2531669257543712,1.1992810165249268
2021-06-25,1.2611845325252444,1.203275338663672
2021-06-28,1.256420582460505,1.2060608780700988
2021-06-29,1.2569220481628416,1.2063953624028636
2021-06-30,1.2626027557999904,1.207997648041229
2021-07-01,1.2635717623957874,1.2143053610001433
2021-07-02,1.2700957125749066,1.223412750372573
2021-07-06,1.2557283830633355,1.220939185889566
2021-07-07,1.2551924295065935,1.2250402904702034
2021-07-08,1.247368146434981,1.214552689997945
2021-07-09,1.2615234961604485,1.2282503518467744
2021-07-12,1.2670685771717438,1.232489257933401
2021-07-13,1.2613123812987752,1.2281548241095546
2021-07-14,1.2582881969224349,1.2295855441279135
2021-07-15,1.254888397254801,1.2255743399321597
2021-07-16,1.2548476747894355,1.2163349136585733
2021-07-19,1.2377235033730305,1.1970322716303767
2021-07-20,1.2675550867283016,1.2151824044496171
2021-07-21,1.2655800209140724,1.2251977190831216
2021-07-22,1.269685632574981,1.2276685385162085
2021-07-23,1.2862791496974841,1.2401237907711984
2021-07-26,1.282104407936062,1.2430780134952157
2021-07-27,1.2814522077317325,1.237220076965711
2021-07-28,1.2892712434697162,1.236989630024918
2021-07-29,1.2897674528687861,1.2421925976434856
2021-07-30,1.2756745278761052,1.235477244771436
2021-08-02,1.2783292896773515,1.2332005003677005
2021-08-03,1.295531728138127,1.2433169700907605
2021-08-04,1.2890205974109241,1.2375574436008914
2021-08-05,1.2823820316344288,1.2449895290070805
2021-08-06,1.279029277959609,1.2470752179363764
2021-08-09,1.2702966105326905,1.2459030816204915
2021-08-10,1.2706528041692924,1.247139863861995
2021-08-11,1.2805140754132112,1.248730894795688
2021-08-12,1.2851381168623046,1.2539086079549906
2021-08-13,1.284712029771997,1.2559240236063318
2021-08-16,1.2931666356304008,1.2592156129655303
2021-08-17,1.3007830775040503,1.250324670779301
2021-08-18,1.28607670903927,1.2368855926329454
2021-08-19,1.285269071830919,1.238439977150205
2021-08-20,1.295290742385462,1.248522820011744
2021-08-23,1.3009398105331098,1.2591649667945044
2021-08-24,1.297174978501957,1.2610483455446888
2021-08-25,1.291223287225425,1.263848021958204
2021-08-26,1.282178147468384,1.2564862098299696
2021-08-27,1.2976825616748633,1.2675528785828742
2021-08-30,1.3007086899331692,1.2730116848539956
2021-08-31,1.310229319796546,1.2712942443714819
2021-09-01,1.3066994895503474,1.271690492327449
2021-09-02,1.3252570587746066,1.275305448567236
2021-09-03,1.319965413676542,1.2748781815471715
2021-09-07,1.301873694433808,1.2705492378231653
2021-09-08,1.3056392669642443,1.268873933856925
2021-09-09,1.2986251059004525,1.2630299970820127
2021-09-10,1.2924193233719465,1.2532761484533985
2021-09-13,1.3049798445080356,1.2561292160878599
2021-09-14,1.2990094938223566,1.248910695565455
2021-09-15,1.3182852715596733,1.259493961027429
2021-09-16,1.314493197927345,1.25754030899929
2021-09-17,1.3049709205519768,1.2460830196427544
2021-09-20,1.2868678954465433,1.2249278806759747
2021-09-21,1.2845779814204505,1.2239328000799365
2021-09-22,1.2869500756801595,1.2355841644658236
2021-09-23,1.296576474802654,1.250577627129439
2021-09-24,1.28927969696902,1.2524047323562613
2021-09-27,1.2948492457327632,1.2489275776224638
2021-09-28,1.2827130970662035,1.2234942783552
2021-09-29,1.2954867111192343,1.2254141662693216
2021-09-30,1.2710862774763123,1.2108198338640894
2021-10-01,1.275415443850467,1.2247339428991193
2021-10-04,1.2738420808531385,1.2088296726720131
2021-10-05,1.2714115515667601,1.2215520182842292
2021-10-06,1.271396613891226,1.2265637931758615
2021-10-07,1.284209934618705,1.23674216377462
2021-10-08,1.2877880052112924,1.2343753817335053
2021-10-11,1.2971567672778712,1.225900451862668
2021-10-12,1.2900518747129033,1.2229377194838984
2021-10-13,1.2941431985118905,1.2266340664538165
2021-10-14,1.3090072874148262,1.2475642485796434
2021-10-15,1.3092268301315408,1.2568713403337604
2021-10-18,1.2940738004681729,1.2611129914703072
2021-10-19,1.3039020252377316,1.2704368280289369
2021-10-20,1.3112978190396334,1.2750917464309555
2021-10-21,1.3197323473312352,1.278911757899774
2021-10-22,1.3204111931275437,1.2775400564546975
2021-10-25,1.3185130581169127,1.2836060677681462
2021-10-26,1.3194408479868818,1.28594196799766
2021-10-27,1.3053705473403319,1.2794459446142268
2021-10-28,1.3252604470238156,1.2920219790657013
2021-10-29,1.3223062684611784,1.294540562367398
2021-11-01,1.3409387592050008,1.2968708352445755
2021-11-02,1.3722155094802588,1.3016437907931586
2021-11-03,1.4003760448604938,1.3100540747383773
2021-11-04,1.3910096303425303,1.3155326453689233
2021-11-05,1.405143907637178,1.320443265171
2021-11-08,1.3953591868084714,1.3216155387393813
2021-11-09,1.3945536630186965,1.3169915021489638
2021-11-10,1.4000463288248721,1.3061581626392682
2021-11-11,1.410951449288791,1.306877777475824
2021-11-12,1.4153679682794003,1.3163169061310982
2021-11-15,1.4051669578310748,1.3163027691240097
2021-11-16,1.401929597116477,1.3213905818984288
2021-11-17,1.4107378858186788,1.3179528186309848
2021-11-18,1.4176903773060254,1.3224137992561482
2021-11-19,1.3999112405255092,1.3205641846199814
2021-11-22,1.415891670040659,1.3163421605903631
2021-11-23,1.423214852542705,1.3185235145093748
2021-11-24,1.4202370060132294,1.3215480105113468
2021-11-26,1.3943985031562747,1.2915160663654264
2021-11-29,1.4044796535801514,1.3085643361467367
2021-11-30,1.3610829627847876,1.2837522416763925
2021-12-01,1.3533627405986561,1.2685844683428504
2021-12-02,1.3745845189752552,1.2865913095562616
2021-12-03,1.363095385336712,1.2757214608826284
2021-12-06,1.3772975537992176,1.2906867867845628
2021-12-07,1.3956088733268779,1.3174131418166923
2021-12-08,1.3978756635026477,1.3214777372333921
2021-12-09,1.3963975130407107,1.311988099659588
2021-12-10,1.3943170465369823,1.3245163702424527
2021-12-13,1.3882524302796684,1.3124153666796525
2021-12-14,1.388620042638162,1.3026107346275164
2021-12-15,1.4028301844214712,1.3239064201502055
2021-12-16,1.4018220883058632,1.3123309563946095
2021-12-17,1.4101890576211256,1.2988301146250514
2021-12-20,1.4065002946928677,1.284038962140548
2021-12-21,1.4222121806253318,1.3068665227711513
2021-12-22,1.4278027632770234,1.3201706817139338
2021-12-23,1.4374232157370754,1.3283870278822971
2021-12-27,1.4569091235750316,1.3467704899447464
2021-12-28,1.4540952394095394,1.345410043204342
2021-12-29,1.4614115997723065,1.3472961670044465
2021-12-30,1.4597820928266678,1.343268080751684
2021-12-31,1.4567083680566202,1.3397404170993565
2022-01-03,1.4528736313300321,1.3482799928958122
2022-01-04,1.454351949499142,1.3474310862080197
2022-01-05,1.4469532733829344,1.321300681513545
2022-01-06,1.4423532511513293,1.3200272528556085
2022-01-07,1.444174443325211,1.3146808563787151
2022-01-10,1.4527671143261496,1.3127863601763545
2022-01-11,1.4636821838402296,1.3248114631088639
2022-01-12,1.460024656413912,1.3285444564952154
2022-01-13,1.4599231049394106,1.3096211803659772
2022-01-14,1.462081075103325,1.3106950438947225
2022-01-18,1.4417213153733797,1.2865940546061816
2022-01-19,1.4187881596727936,1.2741275476465193
2022-01-20,1.406825299957692,1.2600645196533236
2022-01-21,1.390793649963124,1.236230623722009
2022-01-24,1.4020324047209078,1.239657132284781
2022-01-25,1.3921975395196227,1.224568141883946
2022-01-26,1.3824180346775852,1.2227354093047875
2022-01-27,1.4084312240025334,1.216152093333895
2022-01-28,1.4386190259676284,1.2457625350645833
2022-01-31,1.447746825637288,1.269289946172318
2022-02-01,1.4525189100754885,1.2780010875887802
2022-02-02,1.4461819886086846,1.290043072578298
2022-02-03,1.4483573051091583,1.258577526111603
2022-02-04,1.4412104777861998,1.2650679221427
2022-02-07,1.4477825571302718,1.2603850042314964
2022-02-08,1.4578854160364374,1.2709737597933106
2022-02-09,1.4662433136676087,1.2894247500837945
2022-02-10,1.4403492748502955,1.2660658850411544
2022-02-11,1.4331372416249484,1.2420493060376567
2022-02-14,1.4283527345411708,1.2372790955389938
2022-02-15,1.4462190863482285,1.2567869300487182
2022-02-16,1.4593352782027298,1.2578944204389846
2022-02-17,1.435927367795911,1.2312608480941547
2022-02-18,1.4265127376255902,1.22243743413596
2022-02-22,1.4159964123628466,1.2100383181518364
2022-02-23,1.4102681553493852,1.1877589439902774
2022-02-24,1.4158227315496794,1.2055240835582228
2022-02-25,1.447750039692229,1.2324948852857378
2022-02-28,1.4499562973697986,1.2294843890383582
2022-03-01,1.4394394114504847,1.2104599578195643
2022-03-02,1.4727523012693167,1.2330261896977743
2022-03-03,1.4862221966752074,1.2265470483713499
2022-03-04,1.5056501476149964,1.2168155718995843
2022-03-07,1.483277933603271,1.1808974172099822
2022-03-08,1.4716701623022375,1.1723550963636065
2022-03-09,1.483322947142878,1.2024825682467466
2022-03-10,1.4856277723552653,1.1973217371444524
2022-03-11,1.478582981159927,1.181802597421137
2022-03-14,1.475946011638449,1.1730324374313925
2022-03-15,1.499537534458532,1.1981453893729799
2022-03-16,1.5003260502641376,1.224964389839913
2022-03-17,1.5200614756574986,1.2400900266571813
2022-03-18,1.5347709648752612,1.2545523221612562
2022-03-21,1.539950170126765,1.2540070179946272
2022-03-22,1.5383230526700489,1.2681824557820511
2022-03-23,1.5279250592015676,1.2526184344925422
2022-03-24,1.545098761324125,1.2705858842395994
2022-03-25,1.5533062089997658,1.2770228890497504
2022-03-28,1.553219253324032,1.2861471604791885
2022-03-29,1.5671756290879775,1.3019108841503853
2022-03-30,1.5548884168420392,1.2937170473913668
2022-03-31,1.5439552071526579,1.273467088635742
2022-04-01,1.5541786382441671,1.2778098948618446
2022-04-04,1.5517340546390346,1.2881485763759375
2022-04-05,1.5397217298430133,1.2719800950940212
2022-04-06,1.5489671351111867,1.259620370576251
2022-04-07,1.570268024773618,1.2649780217578166
2022-04-08,1.5895417535995144,1.2616245315229198
2022-04-11,1.5764263825674703,1.240331728302647
2022-04-12,1.5860220945017443,1.2360929594685164
2022-04-13,1.594874021460258,1.2499057761614945
2022-04-14,1.581082562842718,1.2347267481232802
2022-04-18,1.5774476291412813,1.2344737917731425
2022-04-19,1.5901781308347485,1.2542964835087032
2022-04-20,1.602132524326394,1.2535207324012814
2022-04-21,1.582257822208837,1.2350276055945237
2022-04-22,1.540672995488667,1.2007678728141533
2022-04-25,1.53871248052908,1.2076097724875199
2022-04-26,1.5253600439724202,1.1736200153667917
2022-04-27,1.5222340002832704,1.1760823251451265
2022-04-28,1.521531919323962,1.205186716923043
2022-04-29,1.4776089363976244,1.1614571109282934
2022-05-02,1.4809705039670225,1.1680486620489463
2022-05-03,1.4801336981534423,1.173698661047003
2022-05-04,1.5327259022210957,1.2087481446893877
2022-05-05,1.4991512761426997,1.1656566255485663
2022-05-06,1.5182533581020166,1.1590424277660725
2022-05-09,1.488687106071608,1.1219100688705597
2022-05-10,1.4912874877618476,1.1246676087678016
2022-05-11,1.481026280383022,1.106151972551699
2022-05-12,1.4827293784730629,1.104718438857172
2022-05-13,1.504519892649298,1.1310877315209438
2022-05-16,1.510760453185187,1.1266240058458605
2022-05-17,1.5320643189975465,1.1493475977107406
2022-05-18,1.5000111473826399,1.1029194017657828
2022-05-19,1.4940857145519177,1.0964852106318
2022-05-20,1.5089773280448644,1.096645452920886
2022-05-23,1.5167472202947403,1.1169937530898988
2022-05-24,1.5215449383888087,1.1079228728814068
2022-05-25,1.5444722826499773,1.1183935912966563
2022-05-26,1.5561404656886053,1.1406308975681896
2022-05-27,1.5691276562157224,1.1688526871705445
2022-05-31,1.548639599762346,1.161518874551495
2022-06-01,1.5314574257991256,1.1528274974944577
2022-06-02,1.535047164777982,1.1740752818960407
2022-06-03,1.527073320253437,1.1548823046121524
2022-06-06,1.52209858684154,1.1585056332541956
2022-06-07,1.540789164977553,1.169538537893083
2022-06-08,1.5189429975724624,1.1569146023205026
2022-06-09,1.4906376386337894,1.129381545743102
2022-06-10,1.4742168421885962,1.0965049063649766
2022-06-13,1.4309578466761321,1.0539951319284735
2022-06-14,1.4141707672026536,1.050017691846737
2022-06-15,1.4311151963537572,1.065340080117029
2022-06-16,1.4040823757493492,1.0307037951138678
2022-06-17,1.400148762612199,1.0329722357415947
2022-06-21,1.4340414684963618,1.058256547424445
2022-06-22,1.446610964202915,1.0568791500007841
2022-06-23,1.4716607450161616,1.0669535518338187
2022-06-24,1.5077936089523838,1.099563166480966
2022-06-27,1.5102538800763061,1.0962940865311124
2022-06-28,1.489970823139957,1.074211395196329
2022-06-29,1.4949293430448929,1.0734468301673317
2022-06-30,1.482800538692897,1.0640442106759949
2022-07-01,1.4899649971083262,1.0752739353941538
2022-07-05,1.4756260738229072,1.076977307495827
2022-07-06,1.4738294181182836,1.0808255243525748
2022-07-07,1.4959079290615884,1.0969996329868275
2022-07-08,1.507410168478271,1.0960888254233365
2022-07-11,1.5021457430649927,1.0834537037723317
2022-07-12,1.4881752570797857,1.0734383891388275
2022-07-13,1.4832256806684254,1.068654178885572
2022-07-14,1.4781131497681277,1.065449676235089
2022-07-15,1.5000753238039122,1.08590764114841
2022-07-18,1.4883862346139538,1.0768255748614937
2022-07-19,1.518436979706718,1.106576425895595
2022-07-20,1.5150187989564445,1.1131005860407093
2022-07-21,1.5129681417574052,1.1240772857824823
2022-07-22,1.5041690977209459,1.113586871634056
2022-07-25,1.5209923696206145,1.1150514243926801
2022-07-26,1.5244225628379624,1.1021801598222982
2022-07-27,1.542554806697861,1.1310090858407322
2022-07-28,1.5671719430112543,1.144732002148827
2022-07-29,1.5679392873022264,1.160996079794211
2022-08-01,1.5702567190268242,1.1577184901896054
2022-08-02,1.543805076357529,1.1500053116715974
2022-08-03,1.5437808408278646,1.1679896434756636
2022-08-04,1.54312884429322,1.1670817182145885
2022-08-05,1.5521234547730174,1.1651843397098118
2022-08-08,1.5602320114917565,1.1637423649867804
2022-08-09,1.5679246220247214,1.1587979810706868
2022-08-10,1.6018071727534244,1.1834695289851214
2022-08-11,1.6022303742215267,1.1826346220519213
2022-08-12,1.6243367370151518,1.2031206551006752
2022-08-15,1.640808131196638,1.2078964929516744
2022-08-16,1.6552355620708021,1.2101621199032333
2022-08-17,1.6445108994547564,1.2014032146181612
2022-08-18,1.6501419586641535,1.204129872703802
2022-08-19,1.648984782137671,1.1885965959733977
2022-08-22,1.6342134721810777,1.1631605516562138
2022-08-23,1.615654742748459,1.160557558069474
2022-08-24,1.6194417255099662,1.163941930115972
2022-08-25,1.6331379572673481,1.1803437406410973
2022-08-26,1.5908680245439533,1.1405802513971637
2022-08-29,1.5994611715932154,1.1329767376234638
2022-08-30,1.5838962204306455,1.1204820939021205
2022-08-31,1.5864898071340372,1.1117232572432965
2022-09-01,1.5833126051975175,1.1150542380688482
2022-09-02,1.5761736420088948,1.1030824577310367
2022-09-06,1.5688343277730536,1.0985652722087595
2022-09-07,1.5958502716763294,1.1187140758748286
2022-09-08,1.592826158055181,1.1261095834908323
2022-09-09,1.6021807238629238,1.1433069094828041
2022-09-12,1.618972958450019,1.1554079816718523
2022-09-13,1.5556648632355041,1.1054520534483196
2022-09-14,1.549780339686121,1.109196232913095
2022-09-15,1.5335743800986288,1.0966426392447173
2022-09-16,1.5391000384045432,1.0887664047614551
2022-09-19,1.5390390023938119,1.0962321856554136
2022-09-20,1.518449918983892,1.0838753434400596
2022-09-21,1.5139719050021458,1.0653231980600197
2022-09-22,1.5090956694074846,1.0563451005388271
2022-09-23,1.4740366920495336,1.0381415078723926
2022-09-26,1.4570848657833193,1.0274065784023327
2022-09-27,1.4528712213340989,1.0252281067857372
2022-09-28,1.487152137094769,1.0453965375587349
2022-09-29,1.4568207269030276,1.0233110325477837
2022-09-30,1.4395235823126808,1.007893116540272
2022-10-03,1.466625117370845,1.0339813160922249
2022-10-04,1.5076295848588013,1.0656042911718384
2022-10-05,1.4945555562502602,1.0634539563169239
2022-10-06,1.4746441185813142,1.052558784557778
2022-10-07,1.4507791471168987,1.023083330656911
2022-10-10,1.4426704500292276,1.0154179160075127
2022-10-11,1.4587333556412132,1.0087982281251788
2022-10-12,1.4377134233303115,1.0054785020042993
2022-10-13,1.471471086530759,1.031586397289429
2022-10-14,1.4526821306506266,1.0071763153798845
2022-10-17,1.4859395401861895,1.033846396888652
2022-10-18,1.5015520658170305,1.0456607486135452
2022-10-19,1.4943027825795077,1.0386839983628535
2022-10-20,1.4966973463034245,1.0304255156782167
2022-10-21,1.5375809238064386,1.0548721753779466
2022-10-24,1.5540869779116362,1.0674061419393956
2022-10-25,1.5819614020488926,1.084769268946542
2022-10-26,1.5789460245139515,1.0767553015835383
2022-10-27,1.5959731982729206,1.070205818352911
2022-10-28,1.6527146496358445,1.0965611112620903
2022-10-31,1.6391324219065926,1.0883869016100007
2022-11-01,1.6465606438821967,1.0839231759349175
2022-11-02,1.6314597014317338,1.0568229451036697
2022-11-03,1.6461637380595182,1.0456354255280325
2022-11-04,1.6776221575823163,1.0598756464935708
2022-11-07,1.677844153995081,1.0700652717970016
2022-11-08,1.6945556925315783,1.0760553824801593
2022-11-09,1.692371066352378,1.0536972253858934
2022-11-10,1.7020728966074121,1.1121083877470868
2022-11-11,1.6971266862474974,1.1223850997592328
2022-11-14,1.7054393338657585,1.112355716744888
2022-11-15,1.6987139454341207,1.1220478017503002
2022-11-16,1.7118480844670414,1.1127886111172889
2022-11-17,1.7197917233563345,1.109350847849845
2022-11-18,1.7327212378729524,1.1146297847249513
2022-11-21,1.73184425610528,1.1103009096271932
2022-11-22,1.7619986774277843,1.1253787825758517
2022-11-23,1.7721957685035816,1.132035048248371
2022-11-25,1.783663036994082,1.1317146322964469
2022-11-28,1.756550637122628,1.114236213192656
2022-11-29,1.7662055119596345,1.1124624991867802
2022-11-30,1.7962263300501649,1.146890846658493
2022-12-01,1.7981219341753318,1.1458957660624547
2022-12-02,1.808831690765495,1.1445268096672983
2022-12-05,1.7797001873780458,1.1240464039708804
2022-12-06,1.7553856487517987,1.1078610406319556
2022-12-07,1.7571700526384872,1.1057977924857563
2022-12-08,1.7666786348161456,1.1141153623699231
2022-12-09,1.74139178192707,1.105927084336993
2022-12-12,1.7604385336158752,1.1217189447698708
2022-12-13,1.7576810995786052,1.1298958994718806
2022-12-14,1.7561703118560201,1.1230569507271781
2022-12-15,1.7380845606597544,1.095068490368032
2022-12-16,1.7292166884547835,1.082871890441764
2022-12-19,1.7273758153294108,1.0731179045606538
2022-12-20,1.7259580973024744,1.0742310909295045
2022-12-21,1.7457746156519396,1.0902027521321493
2022-12-22,1.7429865409280332,1.074447469489457
2022-12-23,1.7497699087806144,1.080752437398451
2022-12-27,1.750679206800569,1.076375798432083
2022-12-28,1.7351694333608811,1.0634370742599144
2022-12-29,1.7411319670902332,1.0820061016969629
2022-12-30,1.7390442354567783,1.0792570028282253
2023-01-03,1.7337164892166688,1.0749393824351399
2023-01-04,1.728876913516914,1.0830433188092747
2023-01-05,1.7113217448370732,1.0704307065676149
2023-01-06,1.7544984506680967,1.094880179943513
2023-01-09,1.7407398749346585,1.0940397142842246
2023-01-10,1.74861975409656,1.1016741784957735
2023-01-11,1.7619865480087482,1.1158300578025164
2023-01-12,1.767030625735315,1.1196416282428308
2023-01-13,1.765301537966268,1.1241166772488342
2023-01-17,1.7458385754688648,1.1218341682402666
2023-01-18,1.730541847181409,1.1043755134959006
2023-01-19,1.72539754382011,1.095939906465169
2023-01-20,1.722380004240423,1.1166733371379727
2023-01-23,1.731265575427539,1.1299409182905695
2023-01-24,1.7414162550511838,1.1291369617952185
2023-01-25,1.7432848161415437,1.1289317693136907
2023-01-26,1.7702875588428877,1.1413588848069993
2023-01-27,1.7599549321508634,1.1442063937153726
2023-01-30,1.7549752254456805,1.1293674773622595
2023-01-31,1.78476415978859,1.145904207090958
2023-02-01,1.7818678012420524,1.1578815461548575
2023-02-02,1.7751463621119938,1.1749016791744864
2023-02-03,1.7693595597781846,1.1627360296860676
2023-02-06,1.758658521663821,1.1555962920963696
2023-02-07,1.7756800533675705,1.1704717176134203
2023-02-08,1.7751826837774525,1.1575020430034026
2023-02-09,1.746819247060484,1.1472815358883706
2023-02-10,1.7716941272688802,1.1498001191900673
2023-02-13,1.7801114137102758,1.1629637315769403
2023-02-14,1.7734904849175017,1.1626376196464316
2023-02-15,1.7802345417312275,1.1658618180300915
2023-02-16,1.7831577488400305,1.1497860508092268
2023-02-17,1.7840218797600327,1.1466041261943367
2023-02-21,1.7649512806161678,1.1236247643031512
2023-02-22,1.7618024045514693,1.1218566776496113
2023-02-23,1.7811583937951638,1.1278355336280965
2023-02-24,1.7728317804229867,1.1159509086252486
2023-02-27,1.7663547083008104,1.1193802308641883
2023-02-28,1.7503199841202817,1.1159817904368496
2023-03-01,1.745906029611682,1.1107084809140793
2023-03-02,1.7488959505061732,1.1191300881902184
2023-03-03,1.7654225635610858,1.1372015067029997
2023-03-06,1.7624730446479,1.1379829537890056
2023-03-07,1.7363574500069454,1.1205411811016486
2023-03-08,1.7487772297075164,1.1221265160567575
2023-03-09,1.7294355908265084,1.1014127811171308
2023-03-10,1.7063824002950583,1.0854663743737512
2023-03-13,1.7088639731901123,1.083827579571448
2023-03-14,1.7346019886407789,1.1016854332004453
2023-03-15,1.7368910184179271,1.0939946954655342
2023-03-16,1.7556217837560502,1.1132074371088474
2023-03-17,1.7324355783178644,1.1009404952783766
2023-03-20,1.7554749888846093,1.1107591270851056
2023-03-21,1.76453779479293,1.1251792174466588
2023-03-22,1.7312460165350452,1.106655140202052
2023-03-23,1.7285425680375996,1.1099579842659224
2023-03-24,1.7667734012602017,1.1162179333562268
2023-03-27,1.7765017968977703,1.1180562932877212
2023-03-28,1.7904517660431196,1.1162966476626857
2023-03-29,1.8073980525657973,1.1321896631851194
2023-03-30,1.8158361858678573,1.1386604321092875
2023-03-31,1.8332324152087234,1.1550987517983502
2023-04-03,1.846270253950936,1.159371284746498
2023-04-04,1.8401450454128045,1.1526504417746084
2023-04-05,1.8647170913803837,1.1497776097807222
2023-04-06,1.8565372252067618,1.1538928513684483
2023-04-10,1.868517891736354,1.1550424782749884
2023-04-11,1.8671200845098075,1.1549947144063788
2023-04-12,1.86820399571712,1.1502189451816276
2023-04-13,1.8795947021841892,1.1654739424763807
2023-04-14,1.8696384532391146,1.1630621416165763
2023-04-17,1.8657811384998908,1.16690740754466
2023-04-18,1.861743339099649,1.1679053704431142
2023-04-19,1.8555205423041958,1.1678069604034782
2023-04-20,1.8546387197066003,1.1608555332382995
2023-04-21,1.8603027009742785,1.1619040050552838
2023-04-24,1.8751601718547979,1.1628934582989856
2023-04-25,1.8709045127572528,1.1445071139341203
2023-04-26,1.8436407295582626,1.1401108478608235
2023-04-27,1.8640251565346084,1.1624184274103113
2023-04-28,1.8645065256592857,1.1720121023760874
2023-05-01,1.8505284291480841,1.171559580896758
2023-05-02,1.8297534462239924,1.1579855835468291
2023-05-03,1.8135720005883904,1.1498816471726943
2023-05-04,1.8082300540790779,1.141580959345536
2023-05-05,1.8409210642027118,1.162671383760449
2023-05-08,1.8266616164903466,1.1631970608201492
2023-05-09,1.855278958431949,1.1578702914501848
2023-05-10,1.8521512920083416,1.163062141616576
2023-05-11,1.8590645745953704,1.1610888624815086
2023-05-12,1.8595743907100202,1.1592505025500137
2023-05-15,1.868435105102586,1.1626797561627054
2023-05-16,1.8575026288110714,1.1552645528135248
2023-05-17,1.8646618950976206,1.1690016061287078
2023-05-18,1.8610038539441682,1.1800428831698513
2023-05-19,1.8538846554864143,1.17833669739201
2023-05-22,1.8493273919930862,1.178519380464193
2023-05-23,1.840734658598095,1.1652940044541176
2023-05-24,1.8379434688155383,1.1567656833623343
2023-05-25,1.8358830874020504,1.166896152839987
2023-05-26,1.8364350792177375,1.1821230819993072
2023-05-30,1.8229821480151511,1.182142709106236
2023-05-31,1.8391590648052596,1.1749214435339108
2023-06-01,1.8374643983749575,1.1864996523394271
2023-06-02,1.8629372262003576,1.203744742200009
2023-06-05,1.8646784022842502,1.2013329413402045
2023-06-06,1.8606416142402997,1.204160754515401
2023-06-07,1.870613450966659,1.1995704820390007
2023-06-08,1.897194842373726,1.2069941950429333
2023-06-09,1.9023438240482724,1.2083798962426024
2023-06-12,1.9152460484603275,1.2196433850747788
2023-06-13,1.9173048241284005,1.2280985505861912
2023-06-14,1.909682593060347,1.2291048858869018
2023-06-15,1.9257462006659918,1.2440730940912519
2023-06-16,1.9258990934276814,1.2395053310241968
2023-06-20,1.9251401798948022,1.2336361397900195
2023-06-21,1.924387625808032,1.2271653708658514
2023-06-22,1.9263015295389765,1.231719134178314
2023-06-23,1.9052726669310587,1.2222856328753762
2023-06-26,1.919659188198945,1.2168014348924936
2023-06-27,1.9302827106590217,1.2307409356392844
2023-06-28,1.9275711927804031,1.230305158964468
2023-06-29,1.9427017242916875,1.2358089840542792
2023-06-30,1.9592031697166983,1.250971130035485
2023-07-03,1.952436187273736,1.2524356141678612
2023-07-05,1.9448045721122498,1.2499704220871108
2023-07-06,1.9327590668077481,1.2400675172478348
2023-07-07,1.9225313924243703,1.2365145991362425
2023-07-10,1.932903252553175,1.2394884489671882
2023-07-11,1.9484229727620568,1.247845341691461
2023-07-12,1.9460731614223084,1.257093414872296
2023-07-13,1.9541609956528692,1.2677411890073926
2023-07-14,1.9351101234758723,1.2664425058901907
2023-07-17,1.9331718236275273,1.2713251261830822
2023-07-18,1.9384170130174725,1.2803734969822296
2023-07-19,1.9452820606380725,1.2833925028843614
2023-07-20,1.964129733961893,1.2747207529342526
2023-07-21,1.9660811663322353,1.2751338829472283
2023-07-24,1.95756587262984,1.2802779692450097
2023-07-25,1.9528888942058724,1.2838815335276281
2023-07-26,1.9400480378187017,1.2836819683984364
2023-07-27,1.9575164455310579,1.275434740418472
2023-07-28,1.9620956966956402,1.2880332842792916
2023-07-31,1.969719869150828,1.289925035431732
2023-08-01,2.001254236073838,1.2864872721642882
2023-08-02,2.0119000329444163,1.268682878382485
2023-08-03,2.046061279443975,1.265450307596569
2023-08-04,2.0291664826838254,1.2587433271267758
2023-08-07,2.0573290011790064,1.2701023436961716
2023-08-08,2.0553216089014974,1.264744692514606
2023-08-09,2.0731846011912407,1.2558424956237044
2023-08-10,2.0713953618301417,1.2561573528495407
2023-08-11,2.07801377995279,1.254813650913649
2023-08-14,2.0739828379715384,1.2620294263861338
2023-08-15,2.054134626328408,1.2474518387854145
2023-08-16,2.03643687582964,1.2380268471372289
2023-08-17,2.002285670839952,1.2284780537376465
2023-08-18,2.0058511944606434,1.2282953706654636
2023-08-21,2.0105947561043522,1.2367450460770355
2023-08-22,2.003668941220506,1.2333100278595117
2023-08-23,2.0233708168614988,1.2469317890780505
2023-08-24,2.006478684008447,1.2301506126539665
2023-08-25,2.0216437748048843,1.2384147226909394
2023-08-28,2.0310054107171975,1.2461729200276372
2023-08-29,2.0448248590748883,1.2642527795689227
2023-08-30,2.0484997316824716,1.2690988906978764
2023-08-31,2.036172487692682,1.2670722203418627
2023-09-01,2.039478737020076,1.2693518470480143
2023-09-05,2.0020602859190744,1.2640279599804662
2023-09-06,2.0126978492647156,1.2552156634744482
2023-09-07,2.0277009404410515,1.2511848321717653
2023-09-08,2.037693768280165,1.2529698008823138
2023-09-11,2.0464196317337637,1.261394084582125
2023-09-12,2.0361484982697364,1.2542093281737372
2023-09-13,2.041970568826523,1.2557665949934131
2023-09-14,2.0641229553732394,1.2663526055053074
2023-09-15,2.046947873290855,1.2509542479784765
2023-09-18,2.059806173957108,1.251856545887215
2023-09-19,2.0602247987083984,1.2491637891680878
2023-09-20,2.0759749524240156,1.2374281517496535
2023-09-21,2.059008433392274,1.2171331741753388
2023-09-22,2.057673037246729,1.2143391251141598
2023-09-25,2.0745732106290347,1.2192244904569711
2023-09-26,2.051626311797072,1.201259785759834
2023-09-27,2.0601418148730257,1.2015352515193165
2023-09-28,2.063063553115437,1.2086161077882283
2023-09-29,2.048002556935272,1.2053412632335425
2023-10-02,2.0300213141302117,1.205436928223258
2023-10-03,2.0175920017218107,1.1888693166829583
2023-10-04,2.044671459737297,1.1985107555173442
2023-10-05,2.0575104472307912,1.1969478613453322
2023-10-06,2.062687726701031,1.2110896722712348
2023-10-09,2.0906941825539493,1.2187242051090317
2023-10-10,2.1087460634494466,1.225071309534299
2023-10-11,2.1359325005342096,1.2303305506762288
2023-10-12,2.1290158190182047,1.222645371667406
2023-10-13,2.1385286747247556,1.2165090870760025
2023-10-16,2.150695608850877,1.229397233703393
2023-10-17,2.1680417830869443,1.2292764515069083
2023-10-18,2.1706049987286544,1.2128043677038285
2023-10-19,2.154757988164151,1.2025163323607617
2023-10-20,2.138625505995126,1.187382323141237
2023-10-23,2.1279626240108565,1.1853809072444883
2023-10-24,2.148208243254785,1.1939936386213148
2023-10-25,2.1451393510231775,1.1768722132596339
2023-10-26,2.142942796300546,1.1629468495199315
2023-10-27,2.1225217744880136,1.1573643787499095
2023-10-30,2.131907883731309,1.1712643507778508
2023-10-31,2.1626280846833943,1.1788482374446219
2023-11-01,2.1925918486664706,1.1912332164216572
2023-11-02,2.211988281876482,1.213698155957815
2023-11-03,2.2279346916608085,1.2250993090434843
2023-11-06,2.2297509783712997,1.2272468988484786
2023-11-07,2.210871391851796,1.2307324259845325
2023-11-08,2.2160827112159946,1.2319692082260358
2023-11-09,2.1999296163003135,1.2220101671158936
2023-11-10,2.2126595436057377,1.2410936169079698
2023-11-13,2.2167414598001844,1.240056262543162
2023-11-14,2.2149311819549604,1.2637103577047095
2023-11-15,2.1952882632515314,1.2657285184059708
2023-11-16,2.201675329556852,1.2672352763071166
2023-11-17,2.220058106306995,1.2688599341023308
2023-11-20,2.2386416071854414,1.2782371618819066
2023-11-21,2.2388344198207,1.2756539326545915
2023-11-22,2.254312506843058,1.2808345281163105
2023-11-24,2.2621358171319903,1.2815990245190598
2023-11-27,2.2710887938583393,1.2790945782244518
2023-11-28,2.259729350231034,1.2803482425229638
2023-11-29,2.2545962211605297,1.2791367147407253
2023-11-30,2.2883268598945015,1.2839770612648471
2023-12-01,2.2926041430763564,1.2915188114153444
2023-12-04,2.2932658053277164,1.2845336201361481
2023-12-05,2.282379442294957,1.2838028878474161
2023-12-06,2.264484182572234,1.2787880934008717
2023-12-07,2.255074045196116,1.2889777187043026
2023-12-08,2.2803036792160842,1.294256724205657
2023-12-11,2.29417863505038,1.299336027325324
2023-12-12,2.3086142966987206,1.3053121382538895
2023-12-13,2.3421753604071758,1.323130531790285
2023-12-14,2.3098151791845667,1.326632940983347
2023-12-15,2.2933032293794384,1.326531785893791
2023-12-18,2.286036549106937,1.3325387786339578
2023-12-19,2.2988263209080806,1.3403559945439374
2023-12-20,2.2666924112152222,1.3206738493642862
2023-12-21,2.2864655207386746,1.3342787285258162
2023-12-22,2.2956314002888987,1.3364937093063494
2023-12-26,2.3003761174393493,1.3421493356567424
2023-12-27,2.302803896350563,1.344069223570864
2023-12-28,2.3091269924997957,1.3445667638688832
2023-12-29,2.3113789561271334,1.3407663795069933
2024-01-02,2.337471083877117,1.3331768654878862
2024-01-03,2.346976771527125,1.3224896998864362
2024-01-04,2.3453685292443054,1.3179557009333982
2024-01-05,2.3404435146928897,1.3203618744408665
2024-01-08,2.3653104170908406,1.3389982928534536
2024-01-09,2.381412549555703,1.3370193863660496
2024-01-10,2.396925569270301,1.3445949006305642
2024-01-11,2.406384994106025,1.3436926027218254
2024-01-12,2.4283652021931177,1.3447016830724563
2024-01-16,2.4441437251991864,1.3396841435759919
2024-01-17,2.4222126140194735,1.3321592754825031
2024-01-18,2.4418639133114084,1.3438892855486013
2024-01-19,2.437375207234669,1.360437269981972
2024-01-22,2.400124828091847,1.3634225117700867
2024-01-23,2.392117341939168,1.3674055792041597
2024-01-24,2.3837976575279707,1.3685158146443464
2024-01-25,2.396039934968273,1.3757147080598227
2024-01-26,2.391362564406892,1.37481803750342
2024-01-29,2.39225343525914,1.3852072279360426
2024-01-30,2.4142918296684726,1.3843752033052585
2024-01-31,2.4255319890487055,1.362078809834195
2024-02-01,2.4542877434969315,1.379096197803904
2024-02-02,2.4541219537839836,1.3938310767650453
2024-02-05,2.4459497406120594,1.389389860499307
2024-02-06,2.4540620921327254,1.3925999218758778
2024-02-07,2.4579994398063754,1.404076975591838
2024-02-08,2.4283858842378305,1.4048781184110208
2024-02-09,2.444151355912862,1.4129454083687225
2024-02-12,2.4443679590725376,1.411604588735247
2024-02-13,2.433906866015199,1.3923019467070505
2024-02-14,2.4393560469744924,1.4056398697638504
2024-02-15,2.4511660974192293,1.413822451818196
2024-02-16,2.4413978179992024,1.4070311983158557
2024-02-20,2.445187025258017,1.3985815229042833
2024-02-21,2.4563974031284084,1.4003496095578232
2024-02-22,2.486276753757605,1.429929032224414
2024-02-23,2.51331032615415,1.4304265725224332
2024-02-26,2.510911097159816,1.4250099027675855
2024-02-27,2.5170704272063316,1.4274414679868148
2024-02-28,2.561950280281465,1.4250745486932042
2024-02-29,2.56943632251665,1.4325263984588181
2024-03-01,2.591513998621657,1.4439978248224425
2024-03-04,2.607243231043489,1.4422747569875924
2024-03-05,2.6004027835900922,1.4275735048879723
2024-03-06,2.5913707657976883,1.434912807606862
2024-03-07,2.602854689778871,1.4496983327390294
2024-03-08,2.593031707081041,1.4402339496244903
2024-03-11,2.602060460001488,1.4386176642315323
2024-03-12,2.6115155913071564,1.4547327542925024
2024-03-13,2.6042001110413735,1.4519330778789872
2024-03-14,2.6045211770240693,1.4477644450703153
2024-03-15,2.6080812703236647,1.438378707635987
2024-03-18,2.6183548764700992,1.4474664699014879
2024-03-19,2.6468158867637817,1.4556434246034977
2024-03-20,2.6440277941051025,1.4686047268112588
2024-03-21,2.669527438775042,1.4733579180004173
2024-03-22,2.6635246853472916,1.471291993430546
2024-03-25,2.6547734699262104,1.4667972486913654
2024-03-26,2.667932433924419,1.462690516758392
2024-03-27,2.6843688335146028,1.4753144523309722
2024-03-28,2.683405575329522,1.4769616195355315
2024-04-01,2.6768239857450036,1.4739876324520893
2024-04-02,2.6606705660010643,1.4633173489076479
2024-04-03,2.668401266609815,1.464914007193677
2024-04-04,2.628290300872004,1.446845265104568
2024-04-05,2.644869613702452,1.4629040816421761
2024-04-08,2.6283002394863826,1.462356032425627
2024-04-09,2.622162277753018,1.464469858116604
2024-04-10,2.599330247041434,1.4506203950071925
2024-04-11,2.6089494664514055,1.4614199704028707
2024-04-12,2.5670462629916226,1.440155303944279
2024-04-15,2.5619337642166355,1.4228426858556626
2024-04-16,2.557696162765463,1.4199165998933265
2024-04-17,2.564759359804521,1.4117086261272196
2024-04-18,2.547364733537194,1.4085913474379481
2024-04-19,2.54993555427326,1.3962541323295228
2024-04-22,2.5615030533032033,1.4084451735297023
2024-04-23,2.579376866271824,1.425296623231741
2024-04-24,2.6010311932502748,1.4256002257529043
2024-04-25,2.615312424660131,1.41907606560779
2024-04-26,2.6256785803207836,1.43356361557113
2024-04-29,2.6334800155609135,1.4381201239335129
2024-04-30,2.6129188517576796,1.4154977557844368
2024-05-01,2.5959461620787407,1.4106348998509703
2024-05-02,2.6069785001807477,1.4235117917736884
2024-05-03,2.6165181231132757,1.4413864588334462
2024-05-06,2.65252597519277,1.4562703940052493
2024-05-07,2.6573976711900302,1.4582267910833084
2024-05-08,2.6609525748896043,1.4582182814285563
2024-05-09,2.68699620688858,1.465641994432489
2024-05-10,2.7014642498723007,1.4680594226446297
2024-05-13,2.7024398948652175,1.46770517395244
2024-05-14,2.7029529636191136,1.4748056573282806
2024-05-15,2.716827220199506,1.4920843740503835
2024-05-16,2.7228337314538598,1.4889783500657843
2024-05-17,2.7335205721463987,1.4907126726053066
2024-05-20,2.734249934588743,1.4920787466980472
2024-05-21,2.7090409484230564,1.4958117400843982
2024-05-22,2.70137728194584,1.491763889472211
2024-05-23,2.677994043502015,1.4807534942426683
2024-05-24,2.694447686043607,1.491120312518442
2024-05-28,2.6725213102388334,1.4914913060151442
2024-05-29,2.6776868612166744,1.4805034201949465
2024-05-30,2.6943852786614673,1.4716573595749112
2024-05-31,2.7273216880090723,1.4834716426735566
2024-06-03,2.7186044154004767,1.485127319532868
2024-06-04,2.7288445238768237,1.4873591823704095
2024-06-05,2.7564145088188834,1.50498089308003
2024-06-06,2.768040149252451,1.5046801728612824
2024-06-07,2.7683664088945714,1.503002123845122
2024-06-10,2.788162515527636,1.506881153887223
2024-06-11,2.782333252293845,1.5109653764108517
2024-06-12,2.775464485054966,1.523814131571889
2024-06-13,2.806340815965746,1.527386951295402
2024-06-14,2.81198048445121,1.526785373605411
2024-06-17,2.8256807954790717,1.5384872469098276
2024-06-18,2.837793906818888,1.5423662769519284
2024-06-20,2.8727296529429442,1.538470364852819
2024-06-21,2.877116145785348,1.5360670736477666
2024-06-24,2.907434879141458,1.5313587640248019
2024-06-25,2.8793289691626187,1.5373825015694809
2024-06-26,2.8704758144205345,1.5397999297816216
2024-06-27,2.8549139643455432,1.541197022938459
2024-06-28,2.8352762788294794,1.5349033097341376
2024-07-01,2.837814583108654,1.5390100416671113
2024-07-02,2.832102238349197,1.5485446980596052
2024-07-03,2.8321795725002614,1.5564181874929475
2024-07-05,2.834254214396912,1.5648987447161207
2024-07-08,2.8424196349659776,1.566489775649814
2024-07-09,2.839038135931614,1.5676506572610265
2024-07-10,2.8548661918306664,1.5836533375277686
2024-07-11,2.848933832438945,1.5697757376566759
2024-07-12,2.8693077492911985,1.5784362329021122
2024-07-15,2.8811038412029335,1.5828972135272752
2024-07-16,2.9175643299806615,1.5930109382004154
2024-07-17,2.892900330444146,1.5708242094736602
2024-07-18,2.8796255042146464,1.5585460129385171
2024-07-19,2.8831888511060426,1.54741758056241
2024-07-22,2.9214762479806047,1.5641173662563626
2024-07-23,2.916932590766495,1.561680310937293
2024-07-24,2.9137539368322707,1.525528827004482
2024-07-25,2.8868824143018013,1.517683611585317
2024-07-26,2.9162044761686143,1.5345154341804268
2024-07-29,2.9343029602987025,1.5357634711266026
2024-07-30,2.9289195222551303,1.5281458203458145
2024-07-31,2.9637350513714797,1.5522804364958762
2024-08-01,2.989139777705386,1.5310242796920368
2024-08-02,2.9682512704244903,1.502881204396141
2024-08-05,2.9000673042157294,1.457841660579517
2024-08-06,2.945509063855264,1.472936278332688
2024-08-07,2.9794982766938825,1.4615436349017707
2024-08-08,2.9564083815014595,1.495221417099079
2024-08-09,2.9412902150068563,1.5022066083782748
2024-08-12,2.948725664530943,1.5022712543038932
2024-08-13,2.960689528481211,1.5275808890722562
2024-08-14,2.9646860040312917,1.5334219435447523
2024-08-15,2.9683555404571464,1.5581610196872213
2024-08-16,2.972197196252036,1.5612614163194842
2024-08-19,2.9840896787267974,1.5764404443576987
2024-08-20,2.982980504493382,1.5733119109637548
2024-08-21,3.013853906911198,1.5799822450171148
2024-08-22,3.018741191059665,1.5658685708528932
2024-08-23,3.0295227231721857,1.5838500203545431
2024-08-26,3.004655241961686,1.5788549902674236
2024-08-27,3.0088849357284744,1.5813735735691203
2024-08-28,3.0233106190158896,1.5719233274616697
2024-08-29,3.037769215002418,1.5718614265859714
2024-08-30,3.0593705983820048,1.587726305346724
2024-09-03,3.0401547934712867,1.5541441881391316
2024-09-04,3.0444998201842512,1.55165360434662
2024-09-05,2.9763309615819122,1.5469706864354162
2024-09-06,2.9544917388786294,1.520269585862552
2024-09-09,3.0008595669613505,1.5378744145151635
2024-09-10,3.009271461993026,1.5447528233524672
2024-09-11,3.0331420390267083,1.561227652205467
2024-09-12,3.074217756684402,1.5729295255098839
2024-09-13,3.1020014071263162,1.5814354744448185
2024-09-16,3.117644204146826,1.5834227533344787
2024-09-17,3.0953211814761317,1.5838416479522868
2024-09-18,3.0769908313166408,1.5792541205258068
2024-09-19,3.0877957414068002,1.6060648858429794
2024-09-20,3.0980784407055664,1.6029474699012118
2024-09-23,3.12023451987291,1.6074505870426485
2024-09-24,3.076152476874587,1.6114871829501631
2024-09-25,3.061693684962893,1.6084878041549602
2024-09-26,3.0485861103838983,1.6149839647908895
2024-09-27,3.0703108416055787,1.6129600394847958
2024-09-30,3.086915375653561,1.61979342950341
2024-10-01,3.0833900754549166,1.6046903020954866
2024-10-02,3.082859647273701,1.6049123766340232
2024-10-03,3.078125487066506,1.6022138553100638
2024-10-04,3.1003077512941593,1.616586113176759
2024-10-07,3.092372516297093,1.6010894828627884
2024-10-08,3.122473073615048,1.6166029952337677
2024-10-09,3.1471559357728216,1.628102558359073
2024-10-10,3.136658460830305,1.624732186067168
2024-10-11,3.1499266433116246,1.634564817628489
2024-10-14,3.184987702687937,1.6471634987418045
2024-10-15,3.2019590169521743,1.6346294635541077
2024-10-16,3.219077618024969,1.6422781333989933
2024-10-17,3.2164031409559906,1.6419970402871746
2024-10-18,3.22703801592058,1.6485183181298728
2024-10-21,3.2198147412125016,1.6455134492348296
2024-10-22,3.2200561950587008,1.6447320707750714
2024-10-23,3.1946430773758614,1.6296148063600595
2024-10-24,3.181475029606267,1.6331115882007858
2024-10-25,3.167273113969367,1.6326225575575188
2024-10-28,3.1690000751841967,1.636951364029029
2024-10-29,3.1732613973544193,1.6395936118296262
2024-10-30,3.1683839349678298,1.6341825694271146
2024-10-31,3.163025588167186,1.6037627497274833
2024-11-01,3.208380099462099,1.6103261640864552
2024-11-04,3.2254728580460417,1.6057977924857534
2024-11-05,3.2614432071654367,1.6254939374199973
2024-11-06,3.34590449815231,1.6666123146782468
2024-11-07,3.4833823008043026,1.6789972936552817
2024-11-08,3.521654679906382,1.685305006614196
2024-11-11,3.5249174692631486,1.6869381740641625
2024-11-12,3.4949785605482697,1.6820584360736872
2024-11-13,3.477018562655052,1.6824490566773183
2024-11-14,3.454009729215938,1.6722706860785599
2024-11-15,3.4363170132783516,1.6501908770461926
2024-11-18,3.4563789137102643,1.6566560186180246
2024-11-19,3.472566105982507,1.6632223152794126
2024-11-20,3.5202803451973645,1.6632588244433502
2024-11-21,3.582158591747085,1.6721413942273229
2024-11-22,3.5643554881912194,1.6779403121835454
2024-11-25,3.540425784596479,1.683008497851036
2024-11-26,3.582270463055647,1.6926386819807495
2024-11-27,3.582617450960056,1.6862045594730146
2024-11-29,3.6005822743863813,1.6956604329328016
2024-12-02,3.576765928034759,1.6998121836844649
2024-12-03,3.573951410837139,1.7005795623896303
2024-12-04,3.5586008610615196,1.710870480035113
2024-12-05,3.566629427567033,1.7076715361107184
2024-12-06,3.5409363013144146,1.7119329516066901
2024-12-09,3.4567238679588588,1.7014144693228306
2024-12-10,3.4442611827323732,1.696371675367101
2024-12-11,3.4399726315773935,1.7102238835264323
2024-12-12,3.435585575030295,1.7009646928934212
2024-12-13,3.450071826573149,1.7009196740747314
2024-12-16,3.4407653525150215,1.7073820705966436
2024-12-17,3.420226277563101,1.7007847548711585
2024-12-18,3.3716594034538283,1.6506237714185938
2024-12-19,3.3907616550394737,1.6491957964501551
2024-12-20,3.4130944771580483,1.6671211096809389
2024-12-23,3.4205872007788014,1.6792698771123489
2024-12-24,3.4387219243774054,1.6978136500901324
2024-12-26,3.4308675152718213,1.697124917065178
2024-12-27,3.4125560056483932,1.6783619518512742
2024-12-30,3.381932890438528,1.660400129456553
2024-12-31,3.374807877828814,1.6532856463261199
2025-01-02,3.3814252375789327,1.6496089264631308
2025-01-03,3.428948373779516,1.670387444580872
2025-01-06,3.414455922839453,1.679638125559131
2025-01-07,3.423085432956942,1.6609875701394554
2025-01-08,3.4451492367716483,1.663579309021523
2025-01-10,3.4254996508897286,1.6379408172727312
2025-01-13,3.433387027443714,1.6405213014501263
2025-01-14,3.504360600163197,1.6424017978978946
2025-01-15,3.5145616592913247,1.6724787608625045
2025-01-16,3.5532902084875038,1.668945332605345
2025-01-17,3.5650375032465154,1.6856198638400326
2025-01-21,3.6258405827949547,1.7003997616198638
2025-01-22,3.6401276844341033,1.7108367159210962
2025-01-23,3.6596844674289586,1.7199272232365168
2025-01-24,3.683101432567884,1.7150166034344405
2025-01-27,3.583937675387716,1.690010433934745
2025-01-28,3.6022960356284726,1.7055887294838386
2025-01-29,3.6182364053960363,1.6976084576086043
2025-01-30,3.66603533004272,1.7065640457204518
2025-01-31,3.6241399906800926,1.6979513143436256
2025-02-03,3.6518444331241335,1.6850322859046338
2025-02-04,3.638353277568681,1.6972064450478048
2025-02-05,3.67594501152703,1.7038402699372273
2025-02-06,3.6801441459533066,1.7100495728565057
2025-02-07,3.665967251109131,1.6938643467700767
2025-02-10,3.6706548184162915,1.705234480791649
2025-02-11,3.662671747743533,1.7058135490722952
2025-02-12,3.6930258692421716,1.7011671403250288
2025-02-13,3.7736553281310834,1.7189040058787977
2025-02-14,3.7389905202354212,1.7187803413798968
2025-02-18,3.7875339663160346,1.7229827383025862
2025-02-19,3.775630750562471,1.7270782155308875
2025-02-20,3.7700601484401255,1.7195927389037524
2025-02-21,3.723046784392355,1.6902493905302907
2025-02-24,3.723237956976899,1.6818503612897442
2025-02-25,3.7582504611257934,1.6739797541588182
2025-02-26,3.8010559247532907,1.674207456049691
2025-02-27,3.7611754122273338,1.647646902032736
2025-02-28,3.838681908821446,1.6737689343249544
2025-03-03,3.8410005737984125,1.64431605845968
2025-03-04,3.780510837347929,1.6241981366052123
2025-03-05,3.7801836389532766,1.6423230149651877
2025-03-06,3.7118223740916396,1.613058449524433
2025-03-07,3.737128408605728,1.6219635287177507
2025-03-10,3.7341773257976674,1.5782141583635763
2025-03-11,3.734284718775442,1.5662704461611983
2025-03-12,3.7263461085001413,1.573924606105924
2025-03-13,3.7119998643834067,1.5520612442597572
2025-03-14,3.764158116713317,1.5850671754891195
2025-03-17,3.8074568054885147,1.595237173685622
2025-03-18,3.793618687766712,1.5782422951252577
2025-03-19,3.8015604665589398,1.5952849375542317
2025-03-20,3.7964809521548664,1.5917994104181779
2025-03-21,3.789887865542204,1.5931120932899723
2025-03-24,3.8331462641979557,1.621224149521771
2025-03-25,3.833232721651188,1.623776496937485
2025-03-26,3.815759921696489,1.605660128232262
2025-03-27,3.8101674511117194,1.6003502409193062
2025-03-28,3.80968631892809,1.5687637750036303
2025-03-31,3.8196324599066673,1.5774524070107476
2025-04-01,3.8434684611269065,1.5834171259821446
2025-04-02,3.8968661396077175,1.5940706647220733
2025-04-03,3.8459953983113633,1.5169246052824092
2025-04-04,3.641243277374958,1.42628895877786
2025-04-07,3.612330987162917,1.4229636053046444
2025-04-08,3.5777844583119536,1.4006223302673872
2025-04-09,3.7263527854124168,1.5338969744334285
2025-04-10,3.677860863487217,1.4808125128159517
2025-04-11,3.7382479569396323,1.5076035137736998
2025-04-14,3.7886349274910405,1.5195809900900954
2025-04-15,3.7945058456543617,1.5169554870940107
2025-04-16,3.777408318858647,1.4829629849233625
2025-04-17,3.8000514444153057,1.4849306367060942
2025-04-21,3.7178436018289363,1.4499345442846556
2025-04-22,3.7954385186715105,1.486352847069701
2025-04-23,3.826877289073674,1.511117177671435
2025-04-24,3.8760674065505727,1.5417310724004174
2025-04-25,3.8859266188228485,1.5530984613720695
2025-04-28,3.9284581593897925,1.554093541968108
2025-04-29,3.948074901958858,1.563111030955654
2025-04-30,3.987317344890446,1.5654244217758229
2025-05-01,3.97128306420804,1.575285190098825
2025-05-02,4.013285691339438,1.598483744226131
2025-05-05,4.005743496282211,1.5882828642180276
2025-05-06,3.9533619502277633,1.5760638235086628
2025-05-07,4.004720011153136,1.5829139583317897
2025-05-08,3.933384191529333,1.59209450328459
2025-05-09,3.925889719090598,1.5909617584350584
2025-05-12,3.9567875597770605,1.6427615366899257
2025-05-13,3.991879427991819,1.6546686024758703
2025-05-14,3.9700746876268043,1.6563636708015357
2025-05-15,4.042066602280433,1.663208315524822
2025-05-16,4.101507641590021,1.6748595426582131
2025-05-19,4.152447176447613,1.6763269090930053
2025-05-20,4.1686621390062895,1.6698223760548196
2025-05-21,4.13667973492757,1.64287957383649
2025-05-22,4.1101310960791135,1.642148704295262
2025-05-23,4.155135490276012,1.6311326817133835
2025-05-27,4.220860417903607,1.664504116339608
2025-05-28,4.19021297364471,1.6552307886995081
2025-05-29,4.180656147592469,1.661870240941267
2025-05-30,4.20409948065784,1.6617353217376938
2025-06-02,4.219746773309863,1.6685518296992994
2025-06-03,4.2345386179693305,1.678229914950119
2025-06-04,4.211422448325129,1.6783535794490196
2025-06-05,4.233195201527934,1.6694962641243116
2025-06-06,4.26081046797332,1.6866598260022663
2025-06-09,4.218165511142903,1.6882114654696057
2025-06-10,4.165500002098868,1.6974679110526967
2025-06-11,4.1924652491986985,1.692810247600758
2025-06-12,4.258720933657743,1.69928087927243
2025-06-13,4.254782267384449,1.6800851569386215
2025-06-16,4.2561344689301475,1.6958656254143312
2025-06-17,4.22596110986407,1.68170144233158
2025-06-18,4.259861190069074,1.6811813926242158
2025-06-20,4.244510934650531,1.6775186725158193
2025-06-23,4.253274844624421,1.6936337625767897
2025-06-24,4.292155354089899,1.712469883371064
2025-06-25,4.282274611999708,1.712464256018728
2025-06-26,4.34997603291617,1.726198427031495
2025-06-27,4.38942901371107,1.7352074063642886
2025-06-30,4.429144554353668,1.7441687590809685
2025-07-01,4.342623651582404,1.7422178521027496
2025-07-02,4.322917679633901,1.7504848444421388
2025-07-03,4.368438006620911,1.7650820591497867
2025-07-07,4.414375163921062,1.7512044592786944
2025-07-08,4.354948188329288,1.7499507949801822
2025-07-09,4.403642024025923,1.7605591776489253
2025-07-10,4.383554132667144,1.765394034073207
2025-07-11,4.375270123926022,1.7595726067076396
2025-07-14,4.433516169276106,1.7620490534930628
2025-07-15,4.398562606258152,1.7550778619684593
2025-07-16,4.426412150047589,1.7606829794003225
2025-07-17,4.419443955381914,1.7701444802124453
2025-07-18,4.451442089771635,1.7699843065496073
2025-07-21,4.456351836578725,1.7724607533350303
2025-07-22,4.446120313145487,1.7735907531346418
2025-07-23,4.510269864633191,1.7874458435963891
2025-07-24,4.507552823212601,1.7886938805425652
2025-07-25,4.5627556758933245,1.795802736320662
2025-07-28,4.515332449133447,1.7961203385964182
2025-07-29,4.576789692597092,1.7908048239311263
2025-07-30,4.600690362817129,1.7885673337412484
2025-07-31,4.551237924247437,1.7819589005635867
2025-08-01,4.557663434434203,1.7534615765755013
2025-08-04,4.632058259343276,1.7793025157559006
2025-08-05,4.624350444495143,1.770658902567473
2025-08-06,4.628008579733594,1.7835526765471998
2025-08-07,4.563423522847884,1.7821303289310972
2025-08-08,4.627439790052985,1.7960304382115346
2025-08-11,4.647271889486553,1.7915329484224343
2025-08-12,4.623455368841265,1.811858670555854
2025-08-13,4.604810455876254,1.8177111169855185
2025-08-14,4.574802385131358,1.8182620485044838
2025-08-15,4.570150652839915,1.812994297707802
2025-08-18,4.570691223543739,1.8128116146356188
2025-08-19,4.558331532385653,1.8021919772622035
2025-08-20,4.627250382680202,1.7978096423172514
2025-08-21,4.623166978815586,1.790610886154271
2025-08-22,4.551435146709304,1.8178038996728185
2025-08-25,4.523636056817139,1.810048447386041
2025-08-26,4.554713409350648,1.8175311789632562
2025-08-27,4.565814708630307,1.8218768674917751
2025-08-28,4.579383057596521,1.8276280215793879
2025-08-29,4.566508908912609,1.8159345206772273
2025-09-02,4.577789381696924,1.8033641135780891
2025-09-03,4.600520893884892,1.8125614033354018
2025-09-04,4.597402413015566,1.8276899224550864
2025-09-05,4.599398547913088,1.8219050042534564
2025-09-08,4.634726110109067,1.8257418977792834
2025-09-09,4.676681027000229,1.8306497725314397
2025-09-10,4.697352431565374,1.836111461104977
2025-09-11,4.767298417394194,1.8516925017039907
2025-09-12,4.70369239042365,1.8507985761975083
2025-09-15,4.690577572548309,1.8595095803614747
2025-09-16,4.619135195399729,1.8571146615586787
2025-09-17,4.641089326860464,1.8553129480436175
2025-09-18,4.693474247284004,1.8641982628775102
2025-09-19,4.721527333424678,1.8733056522499398
2025-09-22,4.744483660898542,1.881567017236993
2025-09-23,4.87519384201031,1.8712143359683076
2025-09-24,4.899872655808186,1.865887703850839
2025-09-25,4.827969145919884,1.8565413578828647
2025-09-26,4.9102965754482915,1.867498361891461
2025-09-29,4.929545838658348,1.8724202363982096
2025-09-30,4.9746904060005015,1.8800800236952717
2025-10-01,5.004975678766837,1.8864721469392292
2025-10-02,4.975488866377828,1.8876386559027782
2025-10-03,4.953394894957736,1.887762320401679
2025-10-06,4.986152624641372,1.894646219338823
2025-10-07,5.0026735571749255,1.887424953766498
2025-10-08,5.051129080878262,1.898424231543864
2025-10-09,5.029842051382403,1.893192989911119
2025-10-10,5.004328283646814,1.8418653602425097
2025-10-13,5.036762944324991,1.870596013473804
2025-10-14,5.015601399358975,1.8676697902589718
2025-10-15,5.038624674771324,1.8751890310001245
2025-10-16,5.0170194275931355,1.8633858653536557
2025-10-17,5.0611325408235475,1.8732072422103045
2025-10-20,5.091545160127785,1.8931986172634554
2025-10-21,5.074067714026398,1.8932605181391537
2025-10-22,5.037010425820195,1.88315516586827
2025-10-23,5.049048296844456,1.8941290519338754
2025-10-24,5.132233944402571,1.9090972601382257
2025-10-27,5.185232657039146,1.9325601625728377
2025-10-28,5.151951081965636,1.9369817517316472
2025-10-29,5.215102075816006,1.9368973414466042
2025-10-30,5.204844455591136,1.9177127365649722
2025-10-31,5.175682029321085,1.9227331583638527
2025-11-03,5.23590958879138,1.9260416297800598
2025-11-04,5.218209066994275,1.9034360064354963
2025-11-05,5.241141979893229,1.9103903159030913
2025-11-06,5.207324412752248,1.8890356118071199
2025-11-07,5.215209506631514,1.8914192759052433
2025-11-10,5.268484773008321,1.920549059394921
2025-11-11,5.265154843144027,1.9245348718789141
2025-11-12,5.251384730955734,1.9257463996611528
2025-11-13,5.194853558957844,1.8938620958291454
2025-11-14,5.1996457003509695,1.892911896799301
2025-11-17,5.220030112725323,1.8755685341515798
2025-11-18,5.230723893936295,1.8600830212897856
